<?xml version="1.0" encoding="UTF-8"?><idempiere Name="202510290950_REST_View" Version="1.0" idempiereVersion="" DataBaseVersion="" Description="REST View window" Author="" AuthorEmail="etan@trekglobal.com" CreatedDate="2025-10-29 17:52:28.436" UpdatedDate="2025-10-29 17:53:14.97" PackOutVersion="100" UpdateDictionary="false" Client="0-SYSTEM-System" AD_Client_UU="11237b53-9592-4af1-b3c5-afd216514b5d">
    <AD_Field type="table">
        <AD_Client_ID>0</AD_Client_ID>
        <AD_Org_ID>0</AD_Org_ID>
        <Name>Reference Rest View</Name>
        <Description/>
        <Help/>
        <AD_Tab_ID reference="uuid" reference-key="AD_Tab">8d91e7f0-8611-4b31-85bd-6297c2692406</AD_Tab_ID>
        <AD_Column_ID reference="uuid" reference-key="AD_Column">d96e53f5-7930-4070-b2ca-74138e105dc4</AD_Column_ID>
        <IsDisplayed>Y</IsDisplayed>
        <DisplayLogic>@AD_Column_ID.AD_Reference_ID@=18|@AD_Column_ID.AD_Reference_ID@=19|@AD_Column_ID.AD_Reference_ID@=30|@AD_Column_ID.AD_Reference_ID@=21|@AD_Column_ID.AD_Reference_ID@=200233|@AD_Column_ID.AD_Reference_ID@=200234|@AD_Column_ID.AD_Reference_ID@=200235|@AD_Column_ID.AD_Reference_ID@=35|@AD_Column_ID.AD_Reference_ID@=17|@AD_Column_ID.AD_Reference_ID@=200161|@AD_Column_ID.AD_Reference_ID@=200162|@AD_Column_ID.AD_Reference_ID@=200163</DisplayLogic>
        <DisplayLength>0</DisplayLength>
        <SeqNo>60</SeqNo>
        <SortNo>0</SortNo>
        <IsSameLine>N</IsSameLine>
        <IsHeading>N</IsHeading>
        <IsFieldOnly>N</IsFieldOnly>
        <IsEncrypted>N</IsEncrypted>
        <IsActive>Y</IsActive>
        <IsReadOnly>N</IsReadOnly>
        <IsCentrallyMaintained>Y</IsCentrallyMaintained>
        <AD_FieldGroup_ID reference="id"/>
        <EntityType>IR</EntityType>
        <ObscureType/>
        <AD_Reference_ID reference="id"/>
        <IsMandatory/>
        <DefaultValue/>
        <AD_Reference_Value_ID reference="id"/>
        <AD_Val_Rule_ID reference="id"/>
        <Included_Tab_ID reference="id"/>
        <AD_Field_UU>0cd719f6-0383-4855-bd06-838afc9bc121</AD_Field_UU>
        <IsAllowCopy/>
        <IsDisplayedGrid>Y</IsDisplayedGrid>
        <SeqNoGrid>30</SeqNoGrid>
        <XPosition>4</XPosition>
        <ColumnSpan>2</ColumnSpan>
        <NumLines>1</NumLines>
        <IsQuickEntry>N</IsQuickEntry>
        <IsUpdateable/>
        <IsAlwaysUpdateable/>
        <MandatoryLogic/>
        <ReadOnlyLogic/>
        <IsToolbarButton/>
        <IsDefaultFocus>N</IsDefaultFocus>
        <IsAdvancedField>N</IsAdvancedField>
        <VFormat/>
        <AD_LabelStyle_ID reference="id"/>
        <AD_FieldStyle_ID reference="id"/>
        <IsQuickForm>N</IsQuickForm>
        <Placeholder/>
        <IsSelectionColumn/>
        <AD_Val_Rule_Lookup_ID reference="id"/>
        <ColumnSQL/>
        <AD_Chart_ID reference="id"/>
        <AlwaysUpdatableLogic/>
        <IsHtml/>
        <AD_Field_Trl type="translation">
            <Description/>
            <Help/>
            <Name>Reference Rest View</Name>
            <Placeholder/>
            <AD_Language>es_CO</AD_Language>
            <IsActive>Y</IsActive>
            <IsTranslated>N</IsTranslated>
        </AD_Field_Trl>
    </AD_Field>
</idempiere>
