<?xml version="1.0" encoding="UTF-8"?><idempiere Name="202508220550_DAD-71" Version="1.0" idempiereVersion="" DataBaseVersion="" Description="" Author="" AuthorEmail="hlow@trekglobal.com" CreatedDate="2025-08-22 13:50:53.182" UpdatedDate="2025-08-22 13:52:42.868" PackOutVersion="100" UpdateDictionary="false" Client="0-SYSTEM-System" AD_Client_UU="11237b53-9592-4af1-b3c5-afd216514b5d">
    <AD_SysConfig type="table">
        <AD_Client_ID>0</AD_Client_ID>
        <AD_Org_ID>0</AD_Org_ID>
        <IsActive>Y</IsActive>
        <Name>REST_HIDE_PRESIGNED_URL_ERRORS</Name>
        <Value>Y</Value>
        <Description>Y/N. Y to hide errors from access to presigned url</Description>
        <EntityType>IR</EntityType>
        <ConfigurationLevel>S</ConfigurationLevel>
        <AD_SysConfig_UU>499b28fc-d5b6-47ca-9549-1c7d7a8ce32f</AD_SysConfig_UU>
    </AD_SysConfig>
    <AD_Message type="table">
        <AD_Client_ID>0</AD_Client_ID>
        <AD_Org_ID>0</AD_Org_ID>
        <MsgType>E</MsgType>
        <MsgText>Something went wrong ...</MsgText>
        <MsgTip/>
        <IsActive>Y</IsActive>
        <Value>REST_Presigned_URL_Generic_Error</Value>
        <EntityType>IR</EntityType>
        <AD_Message_UU>299446a7-4de9-4e47-970d-98010c8c314d</AD_Message_UU>
        <AD_Message_Trl type="translation">
            <MsgText>Something went wrong ...</MsgText>
            <MsgTip/>
            <AD_Language>es_CO</AD_Language>
            <IsActive>Y</IsActive>
            <IsTranslated>N</IsTranslated>
        </AD_Message_Trl>
    </AD_Message>
</idempiere>
