<?xml version="1.0" encoding="UTF-8"?><idempiere Name="REST_OIDCService" Version="1.0.0" idempiereVersion="11.0.0.qualifier" DataBaseVersion="2022-12-24" Description="" Author="SuperUser" AuthorEmail="superuser @ idempiere.com" CreatedDate="Fri Jul 07 19:21:56 MYT 2023" UpdatedDate="Fri Jul 07 19:21:56 MYT 2023" PackOutVersion="100" UpdateDictionary="true" Client="11-GardenWorld-GardenWorld" AD_Client_UU="3268b9a8-10d8-466d-96e5-aa01166408fa">
    <REST_OIDCService type="table">
        <AD_Org_ID>0</AD_Org_ID>
        <AD_Org_ID reference="id">0</AD_Org_ID>
        <IsActive>Y</IsActive>
        <REST_OIDCService_UU>e51b092e-d18c-460f-9841-27d8ced804d9</REST_OIDCService_UU>
        <REST_OIDCProvider_ID reference="uuid" reference-key="REST_OIDCProvider">597f2511-a70d-45e4-8198-c0855a72c42f</REST_OIDCProvider_ID>
        <OIDC_AuthorityURL>http://localhost:9080/realms/GardenWorld</OIDC_AuthorityURL>
        <OIDC_ConfigurationURL>http://localhost:9080/realms/GardenWorld/.well-known/openid-configuration</OIDC_ConfigurationURL>
        <OIDC_IssuerURL>http://localhost:9080/realms/GardenWorld</OIDC_IssuerURL>
        <IsValidateScope_OIDC>N</IsValidateScope_OIDC>
        <OIDC_Audience>rest-api</OIDC_Audience>
        <IsAuthorization_OIDC>Y</IsAuthorization_OIDC>
    </REST_OIDCService>
</idempiere>
