<?xml version="1.0" encoding="UTF-8"?><idempiere Name="REST_View examples" Version="1.0" idempiereVersion="" DataBaseVersion="" Description="" Author="" AuthorEmail="hengsin@gmail.com" CreatedDate="2024-12-19 16:03:33.891" UpdatedDate="2024-12-19 16:08:16.772" PackOutVersion="100" UpdateDictionary="false" Client="0-SYSTEM-System" AD_Client_UU="11237b53-9592-4af1-b3c5-afd216514b5d">
    <REST_View type="table">
        <AD_Client_ID>0</AD_Client_ID>
        <AD_Org_ID>0</AD_Org_ID>
        <Name>bpartner</Name>
        <AD_Table_ID reference="id">291</AD_Table_ID>
        <IsActive>Y</IsActive>
        <REST_View_UU>5cb7c771-3911-4042-9e72-42f8f4713e33</REST_View_UU>
        <WhereClause/>
        <REST_ViewColumn type="table">
            <AD_Client_ID>0</AD_Client_ID>
            <AD_Org_ID>0</AD_Org_ID>
            <REST_View_ID reference="uuid" reference-key="REST_View">5cb7c771-3911-4042-9e72-42f8f4713e33</REST_View_ID>
            <REST_ViewColumn_UU>3935c8e3-60b2-45d7-9a80-5a2103c0e4a2</REST_ViewColumn_UU>
            <AD_Column_ID reference="id">3081</AD_Column_ID>
            <Name>uRL</Name>
            <IsActive>N</IsActive>
            <SeqNo>0</SeqNo>
            <REST_ReferenceView_ID reference="id"/>
        </REST_ViewColumn>
        <REST_ViewColumn type="table">
            <AD_Client_ID>0</AD_Client_ID>
            <AD_Org_ID>0</AD_Org_ID>
            <REST_View_ID reference="uuid" reference-key="REST_View">5cb7c771-3911-4042-9e72-42f8f4713e33</REST_View_ID>
            <REST_ViewColumn_UU>09094054-49c4-4e92-ac1f-046cf15309a8</REST_ViewColumn_UU>
            <AD_Column_ID reference="id">2900</AD_Column_ID>
            <Name>updatedBy</Name>
            <IsActive>N</IsActive>
            <SeqNo>0</SeqNo>
            <REST_ReferenceView_ID reference="id"/>
        </REST_ViewColumn>
        <REST_ViewColumn type="table">
            <AD_Client_ID>0</AD_Client_ID>
            <AD_Org_ID>0</AD_Org_ID>
            <REST_View_ID reference="uuid" reference-key="REST_View">5cb7c771-3911-4042-9e72-42f8f4713e33</REST_View_ID>
            <REST_ViewColumn_UU>9db1a06f-15e5-484c-b160-ea2ebcdb40f0</REST_ViewColumn_UU>
            <AD_Column_ID reference="id">2899</AD_Column_ID>
            <Name>updated</Name>
            <IsActive>N</IsActive>
            <SeqNo>0</SeqNo>
            <REST_ReferenceView_ID reference="id"/>
        </REST_ViewColumn>
        <REST_ViewColumn type="table">
            <AD_Client_ID>0</AD_Client_ID>
            <AD_Org_ID>0</AD_Org_ID>
            <REST_View_ID reference="uuid" reference-key="REST_View">5cb7c771-3911-4042-9e72-42f8f4713e33</REST_View_ID>
            <REST_ViewColumn_UU>62b04427-8556-4da9-a942-60cbead0d3de</REST_ViewColumn_UU>
            <AD_Column_ID reference="id">12533</AD_Column_ID>
            <Name>totalOpenBalance</Name>
            <IsActive>N</IsActive>
            <SeqNo>0</SeqNo>
            <REST_ReferenceView_ID reference="id"/>
        </REST_ViewColumn>
        <REST_ViewColumn type="table">
            <AD_Client_ID>0</AD_Client_ID>
            <AD_Org_ID>0</AD_Org_ID>
            <REST_View_ID reference="uuid" reference-key="REST_View">5cb7c771-3911-4042-9e72-42f8f4713e33</REST_View_ID>
            <REST_ViewColumn_UU>c2f07e8f-b934-4b48-a5bb-ab4e9f104a24</REST_ViewColumn_UU>
            <AD_Column_ID reference="id">4302</AD_Column_ID>
            <Name>SO_Description</Name>
            <IsActive>N</IsActive>
            <SeqNo>0</SeqNo>
            <REST_ReferenceView_ID reference="id"/>
        </REST_ViewColumn>
        <REST_ViewColumn type="table">
            <AD_Client_ID>0</AD_Client_ID>
            <AD_Org_ID>0</AD_Org_ID>
            <REST_View_ID reference="uuid" reference-key="REST_View">5cb7c771-3911-4042-9e72-42f8f4713e33</REST_View_ID>
            <REST_ViewColumn_UU>9adca9bc-f502-42b8-a368-eeca9532d407</REST_ViewColumn_UU>
            <AD_Column_ID reference="id">2921</AD_Column_ID>
            <Name>SO_CreditUsed</Name>
            <IsActive>N</IsActive>
            <SeqNo>0</SeqNo>
            <REST_ReferenceView_ID reference="id"/>
        </REST_ViewColumn>
        <REST_ViewColumn type="table">
            <AD_Client_ID>0</AD_Client_ID>
            <AD_Org_ID>0</AD_Org_ID>
            <REST_View_ID reference="uuid" reference-key="REST_View">5cb7c771-3911-4042-9e72-42f8f4713e33</REST_View_ID>
            <REST_ViewColumn_UU>721dd534-9be5-4127-915e-707c3865ad95</REST_ViewColumn_UU>
            <AD_Column_ID reference="id">9862</AD_Column_ID>
            <Name>sOCreditStatus</Name>
            <IsActive>N</IsActive>
            <SeqNo>0</SeqNo>
            <REST_ReferenceView_ID reference="id"/>
        </REST_ViewColumn>
        <REST_ViewColumn type="table">
            <AD_Client_ID>0</AD_Client_ID>
            <AD_Org_ID>0</AD_Org_ID>
            <REST_View_ID reference="uuid" reference-key="REST_View">5cb7c771-3911-4042-9e72-42f8f4713e33</REST_View_ID>
            <REST_ViewColumn_UU>39c1277e-316b-4817-82b5-c0f887b62ac6</REST_ViewColumn_UU>
            <AD_Column_ID reference="id">2920</AD_Column_ID>
            <Name>SO_CreditLimit</Name>
            <IsActive>N</IsActive>
            <SeqNo>0</SeqNo>
            <REST_ReferenceView_ID reference="id"/>
        </REST_ViewColumn>
        <REST_ViewColumn type="table">
            <AD_Client_ID>0</AD_Client_ID>
            <AD_Org_ID>0</AD_Org_ID>
            <REST_View_ID reference="uuid" reference-key="REST_View">5cb7c771-3911-4042-9e72-42f8f4713e33</REST_View_ID>
            <REST_ViewColumn_UU>8164716d-6f56-4595-8368-d724e05a83b8</REST_ViewColumn_UU>
            <AD_Column_ID reference="id">10122</AD_Column_ID>
            <Name>shelfLifeMinPct</Name>
            <IsActive>N</IsActive>
            <SeqNo>0</SeqNo>
            <REST_ReferenceView_ID reference="id"/>
        </REST_ViewColumn>
        <REST_ViewColumn type="table">
            <AD_Client_ID>0</AD_Client_ID>
            <AD_Org_ID>0</AD_Org_ID>
            <REST_View_ID reference="uuid" reference-key="REST_View">5cb7c771-3911-4042-9e72-42f8f4713e33</REST_View_ID>
            <REST_ViewColumn_UU>7d6b3c61-a487-4b3d-9c84-9af410883ac8</REST_ViewColumn_UU>
            <AD_Column_ID reference="id">2926</AD_Column_ID>
            <Name>shareOfCustomer</Name>
            <IsActive>N</IsActive>
            <SeqNo>0</SeqNo>
            <REST_ReferenceView_ID reference="id"/>
        </REST_ViewColumn>
        <REST_ViewColumn type="table">
            <AD_Client_ID>0</AD_Client_ID>
            <AD_Org_ID>0</AD_Org_ID>
            <REST_View_ID reference="uuid" reference-key="REST_View">5cb7c771-3911-4042-9e72-42f8f4713e33</REST_View_ID>
            <REST_ViewColumn_UU>48c1b9d9-8e91-4652-b07f-a1ce749adb01</REST_ViewColumn_UU>
            <AD_Column_ID reference="id">8167</AD_Column_ID>
            <Name>sendEMail</Name>
            <IsActive>N</IsActive>
            <SeqNo>0</SeqNo>
            <REST_ReferenceView_ID reference="id"/>
        </REST_ViewColumn>
        <REST_ViewColumn type="table">
            <AD_Client_ID>0</AD_Client_ID>
            <AD_Org_ID>0</AD_Org_ID>
            <REST_View_ID reference="uuid" reference-key="REST_View">5cb7c771-3911-4042-9e72-42f8f4713e33</REST_View_ID>
            <REST_ViewColumn_UU>cc43b811-463a-4466-b8ba-b7f2347f1377</REST_ViewColumn_UU>
            <AD_Column_ID reference="id">2904</AD_Column_ID>
            <Name>salesVolume</Name>
            <IsActive>N</IsActive>
            <SeqNo>0</SeqNo>
            <REST_ReferenceView_ID reference="id"/>
        </REST_ViewColumn>
        <REST_ViewColumn type="table">
            <AD_Client_ID>0</AD_Client_ID>
            <AD_Org_ID>0</AD_Org_ID>
            <REST_View_ID reference="uuid" reference-key="REST_View">5cb7c771-3911-4042-9e72-42f8f4713e33</REST_View_ID>
            <REST_ViewColumn_UU>ef55d5ef-7850-4ef0-8497-363a19b41f7a</REST_ViewColumn_UU>
            <AD_Column_ID reference="id">4431</AD_Column_ID>
            <Name>SalesRep_ID</Name>
            <IsActive>N</IsActive>
            <SeqNo>0</SeqNo>
            <REST_ReferenceView_ID reference="id"/>
        </REST_ViewColumn>
        <REST_ViewColumn type="table">
            <AD_Client_ID>0</AD_Client_ID>
            <AD_Org_ID>0</AD_Org_ID>
            <REST_View_ID reference="uuid" reference-key="REST_View">5cb7c771-3911-4042-9e72-42f8f4713e33</REST_View_ID>
            <REST_ViewColumn_UU>8585e7d5-3d6f-477d-969a-1e8d58e2c7d9</REST_ViewColumn_UU>
            <AD_Column_ID reference="id">2905</AD_Column_ID>
            <Name>referenceNo</Name>
            <IsActive>N</IsActive>
            <SeqNo>0</SeqNo>
            <REST_ReferenceView_ID reference="id"/>
        </REST_ViewColumn>
        <REST_ViewColumn type="table">
            <AD_Client_ID>0</AD_Client_ID>
            <AD_Org_ID>0</AD_Org_ID>
            <REST_View_ID reference="uuid" reference-key="REST_View">5cb7c771-3911-4042-9e72-42f8f4713e33</REST_View_ID>
            <REST_ViewColumn_UU>ab7a9662-48d6-4331-9d56-5c463e489d3c</REST_ViewColumn_UU>
            <AD_Column_ID reference="id">3083</AD_Column_ID>
            <Name>rating</Name>
            <IsActive>N</IsActive>
            <SeqNo>0</SeqNo>
            <REST_ReferenceView_ID reference="id"/>
        </REST_ViewColumn>
        <REST_ViewColumn type="table">
            <AD_Client_ID>0</AD_Client_ID>
            <AD_Org_ID>0</AD_Org_ID>
            <REST_View_ID reference="uuid" reference-key="REST_View">5cb7c771-3911-4042-9e72-42f8f4713e33</REST_View_ID>
            <REST_ViewColumn_UU>905a8db4-17b9-4d09-87cd-cd6fc4195faf</REST_ViewColumn_UU>
            <AD_Column_ID reference="id">2923</AD_Column_ID>
            <Name>potentialLifeTimeValue</Name>
            <IsActive>N</IsActive>
            <SeqNo>0</SeqNo>
            <REST_ReferenceView_ID reference="id"/>
        </REST_ViewColumn>
        <REST_ViewColumn type="table">
            <AD_Client_ID>0</AD_Client_ID>
            <AD_Org_ID>0</AD_Org_ID>
            <REST_View_ID reference="uuid" reference-key="REST_View">5cb7c771-3911-4042-9e72-42f8f4713e33</REST_View_ID>
            <REST_ViewColumn_UU>d6e4ca87-38f3-4350-a799-ba633ae4b3fe</REST_ViewColumn_UU>
            <AD_Column_ID reference="id">4215</AD_Column_ID>
            <Name>pOReference</Name>
            <IsActive>N</IsActive>
            <SeqNo>0</SeqNo>
            <REST_ReferenceView_ID reference="id"/>
        </REST_ViewColumn>
        <REST_ViewColumn type="table">
            <AD_Client_ID>0</AD_Client_ID>
            <AD_Org_ID>0</AD_Org_ID>
            <REST_View_ID reference="uuid" reference-key="REST_View">5cb7c771-3911-4042-9e72-42f8f4713e33</REST_View_ID>
            <REST_ViewColumn_UU>c4172681-d8fc-42b7-b9d3-c1f9ed35b580</REST_ViewColumn_UU>
            <AD_Column_ID reference="id">2931</AD_Column_ID>
            <Name>PO_PriceList_ID</Name>
            <IsActive>N</IsActive>
            <SeqNo>0</SeqNo>
            <REST_ReferenceView_ID reference="id"/>
        </REST_ViewColumn>
        <REST_ViewColumn type="table">
            <AD_Client_ID>0</AD_Client_ID>
            <AD_Org_ID>0</AD_Org_ID>
            <REST_View_ID reference="uuid" reference-key="REST_View">5cb7c771-3911-4042-9e72-42f8f4713e33</REST_View_ID>
            <REST_ViewColumn_UU>90c82a27-9501-4832-8c22-b80bd3f80f1e</REST_ViewColumn_UU>
            <AD_Column_ID reference="id">5826</AD_Column_ID>
            <Name>PO_PaymentTerm_ID</Name>
            <IsActive>N</IsActive>
            <SeqNo>0</SeqNo>
            <REST_ReferenceView_ID reference="id"/>
        </REST_ViewColumn>
        <REST_ViewColumn type="table">
            <AD_Client_ID>0</AD_Client_ID>
            <AD_Org_ID>0</AD_Org_ID>
            <REST_View_ID reference="uuid" reference-key="REST_View">5cb7c771-3911-4042-9e72-42f8f4713e33</REST_View_ID>
            <REST_ViewColumn_UU>f29badb0-6215-477f-a917-667387e45ceb</REST_ViewColumn_UU>
            <AD_Column_ID reference="id">6580</AD_Column_ID>
            <Name>PO_DiscountSchema_ID</Name>
            <IsActive>N</IsActive>
            <SeqNo>0</SeqNo>
            <REST_ReferenceView_ID reference="id"/>
        </REST_ViewColumn>
        <REST_ViewColumn type="table">
            <AD_Client_ID>0</AD_Client_ID>
            <AD_Org_ID>0</AD_Org_ID>
            <REST_View_ID reference="uuid" reference-key="REST_View">5cb7c771-3911-4042-9e72-42f8f4713e33</REST_View_ID>
            <REST_ViewColumn_UU>120a06db-0b55-4e19-aaab-77a3943e4285</REST_ViewColumn_UU>
            <AD_Column_ID reference="id">4021</AD_Column_ID>
            <Name>paymentRulePO</Name>
            <IsActive>N</IsActive>
            <SeqNo>0</SeqNo>
            <REST_ReferenceView_ID reference="id"/>
        </REST_ViewColumn>
        <REST_ViewColumn type="table">
            <AD_Client_ID>0</AD_Client_ID>
            <AD_Org_ID>0</AD_Org_ID>
            <REST_View_ID reference="uuid" reference-key="REST_View">5cb7c771-3911-4042-9e72-42f8f4713e33</REST_View_ID>
            <REST_ViewColumn_UU>596184c6-0d22-44dd-8d7a-ad23cdf57d32</REST_ViewColumn_UU>
            <AD_Column_ID reference="id">3084</AD_Column_ID>
            <Name>paymentRule</Name>
            <IsActive>N</IsActive>
            <SeqNo>0</SeqNo>
            <REST_ReferenceView_ID reference="id"/>
        </REST_ViewColumn>
        <REST_ViewColumn type="table">
            <AD_Client_ID>0</AD_Client_ID>
            <AD_Org_ID>0</AD_Org_ID>
            <REST_View_ID reference="uuid" reference-key="REST_View">5cb7c771-3911-4042-9e72-42f8f4713e33</REST_View_ID>
            <REST_ViewColumn_UU>4eb2d225-5521-4e16-9bbe-465f8fa42d3b</REST_ViewColumn_UU>
            <AD_Column_ID reference="id">2907</AD_Column_ID>
            <Name>numberEmployees</Name>
            <IsActive>N</IsActive>
            <SeqNo>0</SeqNo>
            <REST_ReferenceView_ID reference="id"/>
        </REST_ViewColumn>
        <REST_ViewColumn type="table">
            <AD_Client_ID>0</AD_Client_ID>
            <AD_Org_ID>0</AD_Org_ID>
            <REST_View_ID reference="uuid" reference-key="REST_View">5cb7c771-3911-4042-9e72-42f8f4713e33</REST_View_ID>
            <REST_ViewColumn_UU>c48251e0-0352-45b5-a024-55d5703cde15</REST_ViewColumn_UU>
            <AD_Column_ID reference="id">4216</AD_Column_ID>
            <Name>name2</Name>
            <IsActive>N</IsActive>
            <SeqNo>0</SeqNo>
            <REST_ReferenceView_ID reference="id"/>
        </REST_ViewColumn>
        <REST_ViewColumn type="table">
            <AD_Client_ID>0</AD_Client_ID>
            <AD_Org_ID>0</AD_Org_ID>
            <REST_View_ID reference="uuid" reference-key="REST_View">5cb7c771-3911-4042-9e72-42f8f4713e33</REST_View_ID>
            <REST_ViewColumn_UU>1ec14495-3777-4214-8263-fc4ae08df713</REST_ViewColumn_UU>
            <AD_Column_ID reference="id">2910</AD_Column_ID>
            <Name>nAICS</Name>
            <IsActive>N</IsActive>
            <SeqNo>0</SeqNo>
            <REST_ReferenceView_ID reference="id"/>
        </REST_ViewColumn>
        <REST_ViewColumn type="table">
            <AD_Client_ID>0</AD_Client_ID>
            <AD_Org_ID>0</AD_Org_ID>
            <REST_View_ID reference="uuid" reference-key="REST_View">5cb7c771-3911-4042-9e72-42f8f4713e33</REST_View_ID>
            <REST_ViewColumn_UU>088a1293-8ad5-4132-b51d-67bf45b478ae</REST_ViewColumn_UU>
            <AD_Column_ID reference="id">2930</AD_Column_ID>
            <Name>M_PriceList_ID</Name>
            <IsActive>N</IsActive>
            <SeqNo>0</SeqNo>
            <REST_ReferenceView_ID reference="id"/>
        </REST_ViewColumn>
        <REST_ViewColumn type="table">
            <AD_Client_ID>0</AD_Client_ID>
            <AD_Org_ID>0</AD_Org_ID>
            <REST_View_ID reference="uuid" reference-key="REST_View">5cb7c771-3911-4042-9e72-42f8f4713e33</REST_View_ID>
            <REST_ViewColumn_UU>a4e590ad-26ac-4a7c-83db-3aa69341cb9a</REST_ViewColumn_UU>
            <AD_Column_ID reference="id">6579</AD_Column_ID>
            <Name>M_DiscountSchema_ID</Name>
            <IsActive>N</IsActive>
            <SeqNo>0</SeqNo>
            <REST_ReferenceView_ID reference="id"/>
        </REST_ViewColumn>
        <REST_ViewColumn type="table">
            <AD_Client_ID>0</AD_Client_ID>
            <AD_Org_ID>0</AD_Org_ID>
            <REST_View_ID reference="uuid" reference-key="REST_View">5cb7c771-3911-4042-9e72-42f8f4713e33</REST_View_ID>
            <REST_ViewColumn_UU>25a74316-7a67-4c40-bd2c-f325ca9e5997</REST_ViewColumn_UU>
            <AD_Column_ID reference="id">58113</AD_Column_ID>
            <Name>Logo_ID</Name>
            <IsActive>N</IsActive>
            <SeqNo>0</SeqNo>
            <REST_ReferenceView_ID reference="id"/>
        </REST_ViewColumn>
        <REST_ViewColumn type="table">
            <AD_Client_ID>0</AD_Client_ID>
            <AD_Org_ID>0</AD_Org_ID>
            <REST_View_ID reference="uuid" reference-key="REST_View">5cb7c771-3911-4042-9e72-42f8f4713e33</REST_View_ID>
            <REST_ViewColumn_UU>87a7b4d8-c303-4061-9fd4-1bb5fa58c432</REST_ViewColumn_UU>
            <AD_Column_ID reference="id">2915</AD_Column_ID>
            <Name>isVendor</Name>
            <IsActive>N</IsActive>
            <SeqNo>0</SeqNo>
            <REST_ReferenceView_ID reference="id"/>
        </REST_ViewColumn>
        <REST_ViewColumn type="table">
            <AD_Client_ID>0</AD_Client_ID>
            <AD_Org_ID>0</AD_Org_ID>
            <REST_View_ID reference="uuid" reference-key="REST_View">5cb7c771-3911-4042-9e72-42f8f4713e33</REST_View_ID>
            <REST_ViewColumn_UU>052a0eba-a251-4d3d-89c3-564925be8791</REST_ViewColumn_UU>
            <AD_Column_ID reference="id">3082</AD_Column_ID>
            <Name>isTaxExempt</Name>
            <IsActive>N</IsActive>
            <SeqNo>0</SeqNo>
            <REST_ReferenceView_ID reference="id"/>
        </REST_ViewColumn>
        <REST_ViewColumn type="table">
            <AD_Client_ID>0</AD_Client_ID>
            <AD_Org_ID>0</AD_Org_ID>
            <REST_View_ID reference="uuid" reference-key="REST_View">5cb7c771-3911-4042-9e72-42f8f4713e33</REST_View_ID>
            <REST_ViewColumn_UU>4b49def3-c83f-4f22-b521-baa14871c4d1</REST_ViewColumn_UU>
            <AD_Column_ID reference="id">2911</AD_Column_ID>
            <Name>isSummary</Name>
            <IsActive>N</IsActive>
            <SeqNo>0</SeqNo>
            <REST_ReferenceView_ID reference="id"/>
        </REST_ViewColumn>
        <REST_ViewColumn type="table">
            <AD_Client_ID>0</AD_Client_ID>
            <AD_Org_ID>0</AD_Org_ID>
            <REST_View_ID reference="uuid" reference-key="REST_View">5cb7c771-3911-4042-9e72-42f8f4713e33</REST_View_ID>
            <REST_ViewColumn_UU>f66e4331-d18e-48e1-8d4a-50a3945ac828</REST_ViewColumn_UU>
            <AD_Column_ID reference="id">2929</AD_Column_ID>
            <Name>isSalesRep</Name>
            <IsActive>N</IsActive>
            <SeqNo>0</SeqNo>
            <REST_ReferenceView_ID reference="id"/>
        </REST_ViewColumn>
        <REST_ViewColumn type="table">
            <AD_Client_ID>0</AD_Client_ID>
            <AD_Org_ID>0</AD_Org_ID>
            <REST_View_ID reference="uuid" reference-key="REST_View">5cb7c771-3911-4042-9e72-42f8f4713e33</REST_View_ID>
            <REST_ViewColumn_UU>2fed6dc9-723b-4789-a417-42100df91a92</REST_ViewColumn_UU>
            <AD_Column_ID reference="id">2918</AD_Column_ID>
            <Name>isProspect</Name>
            <IsActive>N</IsActive>
            <SeqNo>0</SeqNo>
            <REST_ReferenceView_ID reference="id"/>
        </REST_ViewColumn>
        <REST_ViewColumn type="table">
            <AD_Client_ID>0</AD_Client_ID>
            <AD_Org_ID>0</AD_Org_ID>
            <REST_View_ID reference="uuid" reference-key="REST_View">5cb7c771-3911-4042-9e72-42f8f4713e33</REST_View_ID>
            <REST_ViewColumn_UU>f5afa559-6a6a-4d6a-a544-4199e3d810bc</REST_ViewColumn_UU>
            <AD_Column_ID reference="id">58381</AD_Column_ID>
            <Name>isPOTaxExempt</Name>
            <IsActive>N</IsActive>
            <SeqNo>0</SeqNo>
            <REST_ReferenceView_ID reference="id"/>
        </REST_ViewColumn>
        <REST_ViewColumn type="table">
            <AD_Client_ID>0</AD_Client_ID>
            <AD_Org_ID>0</AD_Org_ID>
            <REST_View_ID reference="uuid" reference-key="REST_View">5cb7c771-3911-4042-9e72-42f8f4713e33</REST_View_ID>
            <REST_ViewColumn_UU>91660007-1676-4dd4-b764-4e1df3893cdc</REST_ViewColumn_UU>
            <AD_Column_ID reference="id">3080</AD_Column_ID>
            <Name>isOneTime</Name>
            <IsActive>N</IsActive>
            <SeqNo>0</SeqNo>
            <REST_ReferenceView_ID reference="id"/>
        </REST_ViewColumn>
        <REST_ViewColumn type="table">
            <AD_Client_ID>0</AD_Client_ID>
            <AD_Org_ID>0</AD_Org_ID>
            <REST_View_ID reference="uuid" reference-key="REST_View">5cb7c771-3911-4042-9e72-42f8f4713e33</REST_View_ID>
            <REST_ViewColumn_UU>8517124f-b2f3-4081-aed7-6d62cb9dd3e2</REST_ViewColumn_UU>
            <AD_Column_ID reference="id">58596</AD_Column_ID>
            <Name>isManufacturer</Name>
            <IsActive>N</IsActive>
            <SeqNo>0</SeqNo>
            <REST_ReferenceView_ID reference="id"/>
        </REST_ViewColumn>
        <REST_ViewColumn type="table">
            <AD_Client_ID>0</AD_Client_ID>
            <AD_Org_ID>0</AD_Org_ID>
            <REST_View_ID reference="uuid" reference-key="REST_View">5cb7c771-3911-4042-9e72-42f8f4713e33</REST_View_ID>
            <REST_ViewColumn_UU>9957afb9-21e7-4d50-b2a5-ca6c1161e0d1</REST_ViewColumn_UU>
            <AD_Column_ID reference="id">4301</AD_Column_ID>
            <Name>isDiscountPrinted</Name>
            <IsActive>N</IsActive>
            <SeqNo>0</SeqNo>
            <REST_ReferenceView_ID reference="id"/>
        </REST_ViewColumn>
        <REST_ViewColumn type="table">
            <AD_Client_ID>0</AD_Client_ID>
            <AD_Org_ID>0</AD_Org_ID>
            <REST_View_ID reference="uuid" reference-key="REST_View">5cb7c771-3911-4042-9e72-42f8f4713e33</REST_View_ID>
            <REST_ViewColumn_UU>34ae211e-1a87-4301-862e-2db621f3ad69</REST_ViewColumn_UU>
            <AD_Column_ID reference="id">2916</AD_Column_ID>
            <Name>isCustomer</Name>
            <IsActive>N</IsActive>
            <SeqNo>0</SeqNo>
            <REST_ReferenceView_ID reference="id"/>
        </REST_ViewColumn>
        <REST_ViewColumn type="table">
            <AD_Client_ID>0</AD_Client_ID>
            <AD_Org_ID>0</AD_Org_ID>
            <REST_View_ID reference="uuid" reference-key="REST_View">5cb7c771-3911-4042-9e72-42f8f4713e33</REST_View_ID>
            <REST_ViewColumn_UU>fafc2405-1a40-495b-ad26-d1c16ecd96cb</REST_ViewColumn_UU>
            <AD_Column_ID reference="id">2896</AD_Column_ID>
            <Name>isActive</Name>
            <IsActive>N</IsActive>
            <SeqNo>0</SeqNo>
            <REST_ReferenceView_ID reference="id"/>
        </REST_ViewColumn>
        <REST_ViewColumn type="table">
            <AD_Client_ID>0</AD_Client_ID>
            <AD_Org_ID>0</AD_Org_ID>
            <REST_View_ID reference="uuid" reference-key="REST_View">5cb7c771-3911-4042-9e72-42f8f4713e33</REST_View_ID>
            <REST_ViewColumn_UU>8798990e-2493-4cd7-a53b-b9430d91eec1</REST_ViewColumn_UU>
            <AD_Column_ID reference="id">208701</AD_Column_ID>
            <Name>is1099Vendor</Name>
            <IsActive>N</IsActive>
            <SeqNo>0</SeqNo>
            <REST_ReferenceView_ID reference="id"/>
        </REST_ViewColumn>
        <REST_ViewColumn type="table">
            <AD_Client_ID>0</AD_Client_ID>
            <AD_Org_ID>0</AD_Org_ID>
            <REST_View_ID reference="uuid" reference-key="REST_View">5cb7c771-3911-4042-9e72-42f8f4713e33</REST_View_ID>
            <REST_ViewColumn_UU>37465a67-6942-419e-96ab-ad702d1f9977</REST_ViewColumn_UU>
            <AD_Column_ID reference="id">4429</AD_Column_ID>
            <Name>invoiceRule</Name>
            <IsActive>N</IsActive>
            <SeqNo>0</SeqNo>
            <REST_ReferenceView_ID reference="id"/>
        </REST_ViewColumn>
        <REST_ViewColumn type="table">
            <AD_Client_ID>0</AD_Client_ID>
            <AD_Org_ID>0</AD_Org_ID>
            <REST_View_ID reference="uuid" reference-key="REST_View">5cb7c771-3911-4042-9e72-42f8f4713e33</REST_View_ID>
            <REST_ViewColumn_UU>25eac8f6-b3c4-414f-8816-e2eff3762059</REST_ViewColumn_UU>
            <AD_Column_ID reference="id">9332</AD_Column_ID>
            <Name>Invoice_PrintFormat_ID</Name>
            <IsActive>N</IsActive>
            <SeqNo>0</SeqNo>
            <REST_ReferenceView_ID reference="id"/>
        </REST_ViewColumn>
        <REST_ViewColumn type="table">
            <AD_Client_ID>0</AD_Client_ID>
            <AD_Org_ID>0</AD_Org_ID>
            <REST_View_ID reference="uuid" reference-key="REST_View">5cb7c771-3911-4042-9e72-42f8f4713e33</REST_View_ID>
            <REST_ViewColumn_UU>81698434-8998-4250-86ce-1f0f483edee7</REST_ViewColumn_UU>
            <AD_Column_ID reference="id">4432</AD_Column_ID>
            <Name>freightCostRule</Name>
            <IsActive>N</IsActive>
            <SeqNo>0</SeqNo>
            <REST_ReferenceView_ID reference="id"/>
        </REST_ViewColumn>
        <REST_ViewColumn type="table">
            <AD_Client_ID>0</AD_Client_ID>
            <AD_Org_ID>0</AD_Org_ID>
            <REST_View_ID reference="uuid" reference-key="REST_View">5cb7c771-3911-4042-9e72-42f8f4713e33</REST_View_ID>
            <REST_ViewColumn_UU>f052ae41-7fe3-406f-9a8b-8054c33c90e3</REST_ViewColumn_UU>
            <AD_Column_ID reference="id">12406</AD_Column_ID>
            <Name>flatDiscount</Name>
            <IsActive>N</IsActive>
            <SeqNo>0</SeqNo>
            <REST_ReferenceView_ID reference="id"/>
        </REST_ViewColumn>
        <REST_ViewColumn type="table">
            <AD_Client_ID>0</AD_Client_ID>
            <AD_Org_ID>0</AD_Org_ID>
            <REST_View_ID reference="uuid" reference-key="REST_View">5cb7c771-3911-4042-9e72-42f8f4713e33</REST_View_ID>
            <REST_ViewColumn_UU>5517047f-5ad6-4bc3-90d3-4f9352d9f6da</REST_ViewColumn_UU>
            <AD_Column_ID reference="id">2919</AD_Column_ID>
            <Name>firstSale</Name>
            <IsActive>N</IsActive>
            <SeqNo>0</SeqNo>
            <REST_ReferenceView_ID reference="id"/>
        </REST_ViewColumn>
        <REST_ViewColumn type="table">
            <AD_Client_ID>0</AD_Client_ID>
            <AD_Org_ID>0</AD_Org_ID>
            <REST_View_ID reference="uuid" reference-key="REST_View">5cb7c771-3911-4042-9e72-42f8f4713e33</REST_View_ID>
            <REST_ViewColumn_UU>912f73d6-745f-447b-b7f8-332ff210dfa6</REST_ViewColumn_UU>
            <AD_Column_ID reference="id">2906</AD_Column_ID>
            <Name>dUNS</Name>
            <IsActive>N</IsActive>
            <SeqNo>0</SeqNo>
            <REST_ReferenceView_ID reference="id"/>
        </REST_ViewColumn>
        <REST_ViewColumn type="table">
            <AD_Client_ID>0</AD_Client_ID>
            <AD_Org_ID>0</AD_Org_ID>
            <REST_View_ID reference="uuid" reference-key="REST_View">5cb7c771-3911-4042-9e72-42f8f4713e33</REST_View_ID>
            <REST_ViewColumn_UU>b0ba2be5-3994-4598-be08-898c5931eb46</REST_ViewColumn_UU>
            <AD_Column_ID reference="id">53246</AD_Column_ID>
            <Name>dunningGrace</Name>
            <IsActive>N</IsActive>
            <SeqNo>0</SeqNo>
            <REST_ReferenceView_ID reference="id"/>
        </REST_ViewColumn>
        <REST_ViewColumn type="table">
            <AD_Client_ID>0</AD_Client_ID>
            <AD_Org_ID>0</AD_Org_ID>
            <REST_View_ID reference="uuid" reference-key="REST_View">5cb7c771-3911-4042-9e72-42f8f4713e33</REST_View_ID>
            <REST_ViewColumn_UU>83931c60-0be1-444e-b8e9-3050f892f610</REST_ViewColumn_UU>
            <AD_Column_ID reference="id">3086</AD_Column_ID>
            <Name>documentCopies</Name>
            <IsActive>N</IsActive>
            <SeqNo>0</SeqNo>
            <REST_ReferenceView_ID reference="id"/>
        </REST_ViewColumn>
        <REST_ViewColumn type="table">
            <AD_Client_ID>0</AD_Client_ID>
            <AD_Org_ID>0</AD_Org_ID>
            <REST_View_ID reference="uuid" reference-key="REST_View">5cb7c771-3911-4042-9e72-42f8f4713e33</REST_View_ID>
            <REST_ViewColumn_UU>369a3dd5-6d98-44d2-9ae4-6ec0c8e6a94f</REST_ViewColumn_UU>
            <AD_Column_ID reference="id">2903</AD_Column_ID>
            <Name>description</Name>
            <IsActive>N</IsActive>
            <SeqNo>0</SeqNo>
            <REST_ReferenceView_ID reference="id"/>
        </REST_ViewColumn>
        <REST_ViewColumn type="table">
            <AD_Client_ID>0</AD_Client_ID>
            <AD_Org_ID>0</AD_Org_ID>
            <REST_View_ID reference="uuid" reference-key="REST_View">5cb7c771-3911-4042-9e72-42f8f4713e33</REST_View_ID>
            <REST_ViewColumn_UU>d111b3c7-27bf-4f9f-accb-32e5ad8072b0</REST_ViewColumn_UU>
            <AD_Column_ID reference="id">4433</AD_Column_ID>
            <Name>deliveryViaRule</Name>
            <IsActive>N</IsActive>
            <SeqNo>0</SeqNo>
            <REST_ReferenceView_ID reference="id"/>
        </REST_ViewColumn>
        <REST_ViewColumn type="table">
            <AD_Client_ID>0</AD_Client_ID>
            <AD_Org_ID>0</AD_Org_ID>
            <REST_View_ID reference="uuid" reference-key="REST_View">5cb7c771-3911-4042-9e72-42f8f4713e33</REST_View_ID>
            <REST_ViewColumn_UU>89e23a08-7f28-467d-bde9-7b0310630359</REST_ViewColumn_UU>
            <AD_Column_ID reference="id">4430</AD_Column_ID>
            <Name>deliveryRule</Name>
            <IsActive>N</IsActive>
            <SeqNo>0</SeqNo>
            <REST_ReferenceView_ID reference="id"/>
        </REST_ViewColumn>
        <REST_ViewColumn type="table">
            <AD_Client_ID>0</AD_Client_ID>
            <AD_Org_ID>0</AD_Org_ID>
            <REST_View_ID reference="uuid" reference-key="REST_View">5cb7c771-3911-4042-9e72-42f8f4713e33</REST_View_ID>
            <REST_ViewColumn_UU>ea13286e-e71b-4d15-b17d-79581c816d0b</REST_ViewColumn_UU>
            <AD_Column_ID reference="id">208700</AD_Column_ID>
            <Name>Default1099Box_ID</Name>
            <IsActive>N</IsActive>
            <SeqNo>0</SeqNo>
            <REST_ReferenceView_ID reference="id"/>
        </REST_ViewColumn>
        <REST_ViewColumn type="table">
            <AD_Client_ID>0</AD_Client_ID>
            <AD_Org_ID>0</AD_Org_ID>
            <REST_View_ID reference="uuid" reference-key="REST_View">5cb7c771-3911-4042-9e72-42f8f4713e33</REST_View_ID>
            <REST_ViewColumn_UU>429d6035-ab11-40a4-8523-cad30c403a65</REST_ViewColumn_UU>
            <AD_Column_ID reference="id">200612</AD_Column_ID>
            <Name>customerProfileID</Name>
            <IsActive>N</IsActive>
            <SeqNo>0</SeqNo>
            <REST_ReferenceView_ID reference="id"/>
        </REST_ViewColumn>
        <REST_ViewColumn type="table">
            <AD_Client_ID>0</AD_Client_ID>
            <AD_Org_ID>0</AD_Org_ID>
            <REST_View_ID reference="uuid" reference-key="REST_View">5cb7c771-3911-4042-9e72-42f8f4713e33</REST_View_ID>
            <REST_ViewColumn_UU>24e65ce8-312f-4120-808a-f6b2adcae0b7</REST_ViewColumn_UU>
            <AD_Column_ID reference="id">54463</AD_Column_ID>
            <Name>C_TaxGroup_ID</Name>
            <IsActive>N</IsActive>
            <SeqNo>0</SeqNo>
            <REST_ReferenceView_ID reference="id"/>
        </REST_ViewColumn>
        <REST_ViewColumn type="table">
            <AD_Client_ID>0</AD_Client_ID>
            <AD_Org_ID>0</AD_Org_ID>
            <REST_View_ID reference="uuid" reference-key="REST_View">5cb7c771-3911-4042-9e72-42f8f4713e33</REST_View_ID>
            <REST_ViewColumn_UU>da42a1bf-ce45-437a-a2da-06871d2955dc</REST_ViewColumn_UU>
            <AD_Column_ID reference="id">2898</AD_Column_ID>
            <Name>createdBy</Name>
            <IsActive>N</IsActive>
            <SeqNo>0</SeqNo>
            <REST_ReferenceView_ID reference="id"/>
        </REST_ViewColumn>
        <REST_ViewColumn type="table">
            <AD_Client_ID>0</AD_Client_ID>
            <AD_Org_ID>0</AD_Org_ID>
            <REST_View_ID reference="uuid" reference-key="REST_View">5cb7c771-3911-4042-9e72-42f8f4713e33</REST_View_ID>
            <REST_ViewColumn_UU>b4bf0da8-745f-4b55-9bc7-b1a419906521</REST_ViewColumn_UU>
            <AD_Column_ID reference="id">2897</AD_Column_ID>
            <Name>created</Name>
            <IsActive>N</IsActive>
            <SeqNo>0</SeqNo>
            <REST_ReferenceView_ID reference="id"/>
        </REST_ViewColumn>
        <REST_ViewColumn type="table">
            <AD_Client_ID>0</AD_Client_ID>
            <AD_Org_ID>0</AD_Org_ID>
            <REST_View_ID reference="uuid" reference-key="REST_View">5cb7c771-3911-4042-9e72-42f8f4713e33</REST_View_ID>
            <REST_ViewColumn_UU>dc3d203e-d046-407c-a2b9-38821d821b44</REST_ViewColumn_UU>
            <AD_Column_ID reference="id">2924</AD_Column_ID>
            <Name>C_PaymentTerm_ID</Name>
            <IsActive>N</IsActive>
            <SeqNo>0</SeqNo>
            <REST_ReferenceView_ID reference="id"/>
        </REST_ViewColumn>
        <REST_ViewColumn type="table">
            <AD_Client_ID>0</AD_Client_ID>
            <AD_Org_ID>0</AD_Org_ID>
            <REST_View_ID reference="uuid" reference-key="REST_View">5cb7c771-3911-4042-9e72-42f8f4713e33</REST_View_ID>
            <REST_ViewColumn_UU>3a80694a-951f-4230-8883-7845bb873826</REST_ViewColumn_UU>
            <AD_Column_ID reference="id">2917</AD_Column_ID>
            <Name>C_InvoiceSchedule_ID</Name>
            <IsActive>N</IsActive>
            <SeqNo>0</SeqNo>
            <REST_ReferenceView_ID reference="id"/>
        </REST_ViewColumn>
        <REST_ViewColumn type="table">
            <AD_Client_ID>0</AD_Client_ID>
            <AD_Org_ID>0</AD_Org_ID>
            <REST_View_ID reference="uuid" reference-key="REST_View">5cb7c771-3911-4042-9e72-42f8f4713e33</REST_View_ID>
            <REST_ViewColumn_UU>60bf5e58-2e37-41ca-9c3c-32f33436f7b8</REST_ViewColumn_UU>
            <AD_Column_ID reference="id">4291</AD_Column_ID>
            <Name>C_Greeting_ID</Name>
            <IsActive>N</IsActive>
            <SeqNo>0</SeqNo>
            <REST_ReferenceView_ID reference="id"/>
        </REST_ViewColumn>
        <REST_ViewColumn type="table">
            <AD_Client_ID>0</AD_Client_ID>
            <AD_Org_ID>0</AD_Org_ID>
            <REST_View_ID reference="uuid" reference-key="REST_View">5cb7c771-3911-4042-9e72-42f8f4713e33</REST_View_ID>
            <REST_ViewColumn_UU>441b6572-9798-40ee-9acd-72275d291937</REST_ViewColumn_UU>
            <AD_Column_ID reference="id">3085</AD_Column_ID>
            <Name>C_Dunning_ID</Name>
            <IsActive>N</IsActive>
            <SeqNo>0</SeqNo>
            <REST_ReferenceView_ID reference="id"/>
        </REST_ViewColumn>
        <REST_ViewColumn type="table">
            <AD_Client_ID>0</AD_Client_ID>
            <AD_Org_ID>0</AD_Org_ID>
            <REST_View_ID reference="uuid" reference-key="REST_View">5cb7c771-3911-4042-9e72-42f8f4713e33</REST_View_ID>
            <REST_ViewColumn_UU>fd4010d2-50dc-4fd1-8419-47ac401513c1</REST_ViewColumn_UU>
            <AD_Column_ID reference="id">4940</AD_Column_ID>
            <Name>C_BP_Group_ID</Name>
            <IsActive>N</IsActive>
            <SeqNo>0</SeqNo>
            <REST_ReferenceView_ID reference="id"/>
        </REST_ViewColumn>
        <REST_ViewColumn type="table">
            <AD_Client_ID>0</AD_Client_ID>
            <AD_Org_ID>0</AD_Org_ID>
            <REST_View_ID reference="uuid" reference-key="REST_View">5cb7c771-3911-4042-9e72-42f8f4713e33</REST_View_ID>
            <REST_ViewColumn_UU>de70ed1f-e36b-4e12-ae66-88d15559e303</REST_ViewColumn_UU>
            <AD_Column_ID reference="id">8768</AD_Column_ID>
            <Name>BPartner_Parent_ID</Name>
            <IsActive>N</IsActive>
            <SeqNo>0</SeqNo>
            <REST_ReferenceView_ID reference="id"/>
        </REST_ViewColumn>
        <REST_ViewColumn type="table">
            <AD_Client_ID>0</AD_Client_ID>
            <AD_Org_ID>0</AD_Org_ID>
            <REST_View_ID reference="uuid" reference-key="REST_View">5cb7c771-3911-4042-9e72-42f8f4713e33</REST_View_ID>
            <REST_ViewColumn_UU>46335f1a-1372-4b3c-90fc-bd4d10445b02</REST_ViewColumn_UU>
            <AD_Column_ID reference="id">2895</AD_Column_ID>
            <Name>AD_Org_ID</Name>
            <IsActive>N</IsActive>
            <SeqNo>0</SeqNo>
            <REST_ReferenceView_ID reference="id"/>
        </REST_ViewColumn>
        <REST_ViewColumn type="table">
            <AD_Client_ID>0</AD_Client_ID>
            <AD_Org_ID>0</AD_Org_ID>
            <REST_View_ID reference="uuid" reference-key="REST_View">5cb7c771-3911-4042-9e72-42f8f4713e33</REST_View_ID>
            <REST_ViewColumn_UU>259d364f-c665-438f-a6ba-90df1348048d</REST_ViewColumn_UU>
            <AD_Column_ID reference="id">10927</AD_Column_ID>
            <Name>AD_OrgBP_ID</Name>
            <IsActive>N</IsActive>
            <SeqNo>0</SeqNo>
            <REST_ReferenceView_ID reference="id"/>
        </REST_ViewColumn>
        <REST_ViewColumn type="table">
            <AD_Client_ID>0</AD_Client_ID>
            <AD_Org_ID>0</AD_Org_ID>
            <REST_View_ID reference="uuid" reference-key="REST_View">5cb7c771-3911-4042-9e72-42f8f4713e33</REST_View_ID>
            <REST_ViewColumn_UU>512be232-91db-477f-820c-fa6170236261</REST_ViewColumn_UU>
            <AD_Column_ID reference="id">2914</AD_Column_ID>
            <Name>AD_Language</Name>
            <IsActive>N</IsActive>
            <SeqNo>0</SeqNo>
            <REST_ReferenceView_ID reference="id"/>
        </REST_ViewColumn>
        <REST_ViewColumn type="table">
            <AD_Client_ID>0</AD_Client_ID>
            <AD_Org_ID>0</AD_Org_ID>
            <REST_View_ID reference="uuid" reference-key="REST_View">5cb7c771-3911-4042-9e72-42f8f4713e33</REST_View_ID>
            <REST_ViewColumn_UU>49cf1de7-c7df-40a8-85d4-e7d56a09df33</REST_ViewColumn_UU>
            <AD_Column_ID reference="id">2894</AD_Column_ID>
            <Name>AD_Client_ID</Name>
            <IsActive>N</IsActive>
            <SeqNo>0</SeqNo>
            <REST_ReferenceView_ID reference="id"/>
        </REST_ViewColumn>
        <REST_ViewColumn type="table">
            <AD_Client_ID>0</AD_Client_ID>
            <AD_Org_ID>0</AD_Org_ID>
            <REST_View_ID reference="uuid" reference-key="REST_View">5cb7c771-3911-4042-9e72-42f8f4713e33</REST_View_ID>
            <REST_ViewColumn_UU>3c4cd793-2b2a-4e55-bc97-b32d693d26b7</REST_ViewColumn_UU>
            <AD_Column_ID reference="id">2925</AD_Column_ID>
            <Name>actualLifeTimeValue</Name>
            <IsActive>N</IsActive>
            <SeqNo>0</SeqNo>
            <REST_ReferenceView_ID reference="id"/>
        </REST_ViewColumn>
        <REST_ViewColumn type="table">
            <AD_Client_ID>0</AD_Client_ID>
            <AD_Org_ID>0</AD_Org_ID>
            <REST_View_ID reference="uuid" reference-key="REST_View">5cb7c771-3911-4042-9e72-42f8f4713e33</REST_View_ID>
            <REST_ViewColumn_UU>79cde514-6781-43a0-ba9a-60bd1a6043f8</REST_ViewColumn_UU>
            <AD_Column_ID reference="id">2922</AD_Column_ID>
            <Name>acqusitionCost</Name>
            <IsActive>N</IsActive>
            <SeqNo>0</SeqNo>
            <REST_ReferenceView_ID reference="id"/>
        </REST_ViewColumn>
        <REST_ViewColumn type="table">
            <AD_Client_ID>0</AD_Client_ID>
            <AD_Org_ID>0</AD_Org_ID>
            <REST_View_ID reference="uuid" reference-key="REST_View">5cb7c771-3911-4042-9e72-42f8f4713e33</REST_View_ID>
            <REST_ViewColumn_UU>106eb790-575c-4d62-9230-f487988342a7</REST_ViewColumn_UU>
            <AD_Column_ID reference="id">2902</AD_Column_ID>
            <Name>name</Name>
            <IsActive>Y</IsActive>
            <SeqNo>20</SeqNo>
            <REST_ReferenceView_ID reference="id"/>
        </REST_ViewColumn>
        <REST_ViewColumn type="table">
            <AD_Client_ID>0</AD_Client_ID>
            <AD_Org_ID>0</AD_Org_ID>
            <REST_View_ID reference="uuid" reference-key="REST_View">5cb7c771-3911-4042-9e72-42f8f4713e33</REST_View_ID>
            <REST_ViewColumn_UU>ab6c494f-a293-4419-b679-f2ce5d440165</REST_ViewColumn_UU>
            <AD_Column_ID reference="id">2909</AD_Column_ID>
            <Name>taxID</Name>
            <IsActive>Y</IsActive>
            <SeqNo>30</SeqNo>
            <REST_ReferenceView_ID reference="id"/>
        </REST_ViewColumn>
        <REST_ViewColumn type="table">
            <AD_Client_ID>0</AD_Client_ID>
            <AD_Org_ID>0</AD_Org_ID>
            <REST_View_ID reference="uuid" reference-key="REST_View">5cb7c771-3911-4042-9e72-42f8f4713e33</REST_View_ID>
            <REST_ViewColumn_UU>ff7ff8f1-96a5-4ce4-ba90-8240ede7a1a2</REST_ViewColumn_UU>
            <AD_Column_ID reference="id">2901</AD_Column_ID>
            <Name>value</Name>
            <IsActive>Y</IsActive>
            <SeqNo>40</SeqNo>
            <REST_ReferenceView_ID reference="id"/>
        </REST_ViewColumn>
        <REST_ViewColumn type="table">
            <AD_Client_ID>0</AD_Client_ID>
            <AD_Org_ID>0</AD_Org_ID>
            <REST_View_ID reference="uuid" reference-key="REST_View">5cb7c771-3911-4042-9e72-42f8f4713e33</REST_View_ID>
            <REST_ViewColumn_UU>01acdf10-26a6-497d-a1b7-c4d52b68bb5e</REST_ViewColumn_UU>
            <AD_Column_ID reference="id">2927</AD_Column_ID>
            <Name>employee</Name>
            <IsActive>Y</IsActive>
            <SeqNo>10</SeqNo>
            <REST_ReferenceView_ID reference="id"/>
        </REST_ViewColumn>
    </REST_View>
    <REST_View type="table">
        <AD_Client_ID>0</AD_Client_ID>
        <AD_Org_ID>0</AD_Org_ID>
        <Name>userRoles</Name>
        <AD_Table_ID reference="id">157</AD_Table_ID>
        <IsActive>Y</IsActive>
        <REST_View_UU>11a5f6aa-33e1-471b-aab7-bf0160088d4e</REST_View_UU>
        <WhereClause/>
        <REST_ViewColumn type="table">
            <AD_Client_ID>0</AD_Client_ID>
            <AD_Org_ID>0</AD_Org_ID>
            <REST_View_ID reference="uuid" reference-key="REST_View">11a5f6aa-33e1-471b-aab7-bf0160088d4e</REST_View_ID>
            <REST_ViewColumn_UU>327d1ee8-71c9-4794-a55b-3ef2e5faa656</REST_ViewColumn_UU>
            <AD_Column_ID reference="id">973</AD_Column_ID>
            <Name>AD_Org_ID</Name>
            <IsActive>N</IsActive>
            <SeqNo>10</SeqNo>
            <REST_ReferenceView_ID reference="id"/>
        </REST_ViewColumn>
        <REST_ViewColumn type="table">
            <AD_Client_ID>0</AD_Client_ID>
            <AD_Org_ID>0</AD_Org_ID>
            <REST_View_ID reference="uuid" reference-key="REST_View">11a5f6aa-33e1-471b-aab7-bf0160088d4e</REST_View_ID>
            <REST_ViewColumn_UU>39c73a33-0cf0-4913-8ec0-cee9aad04585</REST_ViewColumn_UU>
            <AD_Column_ID reference="id">725</AD_Column_ID>
            <Name>updatedBy</Name>
            <IsActive>N</IsActive>
            <SeqNo>20</SeqNo>
            <REST_ReferenceView_ID reference="id"/>
        </REST_ViewColumn>
        <REST_ViewColumn type="table">
            <AD_Client_ID>0</AD_Client_ID>
            <AD_Org_ID>0</AD_Org_ID>
            <REST_View_ID reference="uuid" reference-key="REST_View">11a5f6aa-33e1-471b-aab7-bf0160088d4e</REST_View_ID>
            <REST_ViewColumn_UU>2065ffa3-8fad-4742-a498-ff80fb87c575</REST_ViewColumn_UU>
            <AD_Column_ID reference="id">724</AD_Column_ID>
            <Name>updated</Name>
            <IsActive>N</IsActive>
            <SeqNo>30</SeqNo>
            <REST_ReferenceView_ID reference="id"/>
        </REST_ViewColumn>
        <REST_ViewColumn type="table">
            <AD_Client_ID>0</AD_Client_ID>
            <AD_Org_ID>0</AD_Org_ID>
            <REST_View_ID reference="uuid" reference-key="REST_View">11a5f6aa-33e1-471b-aab7-bf0160088d4e</REST_View_ID>
            <REST_ViewColumn_UU>d4791903-72c9-4b36-81a8-9d92aae8f529</REST_ViewColumn_UU>
            <AD_Column_ID reference="id">721</AD_Column_ID>
            <Name>isActive</Name>
            <IsActive>N</IsActive>
            <SeqNo>40</SeqNo>
            <REST_ReferenceView_ID reference="id"/>
        </REST_ViewColumn>
        <REST_ViewColumn type="table">
            <AD_Client_ID>0</AD_Client_ID>
            <AD_Org_ID>0</AD_Org_ID>
            <REST_View_ID reference="uuid" reference-key="REST_View">11a5f6aa-33e1-471b-aab7-bf0160088d4e</REST_View_ID>
            <REST_ViewColumn_UU>945dbd79-59c0-463e-ab2e-077ad3f0523b</REST_ViewColumn_UU>
            <AD_Column_ID reference="id">723</AD_Column_ID>
            <Name>createdBy</Name>
            <IsActive>N</IsActive>
            <SeqNo>50</SeqNo>
            <REST_ReferenceView_ID reference="id"/>
        </REST_ViewColumn>
        <REST_ViewColumn type="table">
            <AD_Client_ID>0</AD_Client_ID>
            <AD_Org_ID>0</AD_Org_ID>
            <REST_View_ID reference="uuid" reference-key="REST_View">11a5f6aa-33e1-471b-aab7-bf0160088d4e</REST_View_ID>
            <REST_ViewColumn_UU>a2bd9e91-cb5e-444a-828a-56f5759fc2e9</REST_ViewColumn_UU>
            <AD_Column_ID reference="id">722</AD_Column_ID>
            <Name>created</Name>
            <IsActive>N</IsActive>
            <SeqNo>60</SeqNo>
            <REST_ReferenceView_ID reference="id"/>
        </REST_ViewColumn>
        <REST_ViewColumn type="table">
            <AD_Client_ID>0</AD_Client_ID>
            <AD_Org_ID>0</AD_Org_ID>
            <REST_View_ID reference="uuid" reference-key="REST_View">11a5f6aa-33e1-471b-aab7-bf0160088d4e</REST_View_ID>
            <REST_ViewColumn_UU>07fd8874-4e2d-44a5-9216-2dc9ba6c3dfe</REST_ViewColumn_UU>
            <AD_Column_ID reference="id">972</AD_Column_ID>
            <Name>AD_Client_ID</Name>
            <IsActive>N</IsActive>
            <SeqNo>70</SeqNo>
            <REST_ReferenceView_ID reference="id"/>
        </REST_ViewColumn>
        <REST_ViewColumn type="table">
            <AD_Client_ID>0</AD_Client_ID>
            <AD_Org_ID>0</AD_Org_ID>
            <REST_View_ID reference="uuid" reference-key="REST_View">11a5f6aa-33e1-471b-aab7-bf0160088d4e</REST_View_ID>
            <REST_ViewColumn_UU>349592b7-d69a-45b8-a469-8b53ab38b52d</REST_ViewColumn_UU>
            <AD_Column_ID reference="id">542</AD_Column_ID>
            <Name>role</Name>
            <IsActive>Y</IsActive>
            <SeqNo>20</SeqNo>
            <REST_ReferenceView_ID reference="id"/>
        </REST_ViewColumn>
        <REST_ViewColumn type="table">
            <AD_Client_ID>0</AD_Client_ID>
            <AD_Org_ID>0</AD_Org_ID>
            <REST_View_ID reference="uuid" reference-key="REST_View">11a5f6aa-33e1-471b-aab7-bf0160088d4e</REST_View_ID>
            <REST_ViewColumn_UU>a14ec96c-b21d-4cce-b004-646e399d7940</REST_ViewColumn_UU>
            <AD_Column_ID reference="id">971</AD_Column_ID>
            <Name>user</Name>
            <IsActive>Y</IsActive>
            <SeqNo>10</SeqNo>
            <REST_ReferenceView_ID reference="id"/>
        </REST_ViewColumn>
    </REST_View>
    <REST_View type="table">
        <AD_Client_ID>0</AD_Client_ID>
        <AD_Org_ID>0</AD_Org_ID>
        <Name>users</Name>
        <AD_Table_ID reference="id">114</AD_Table_ID>
        <IsActive>Y</IsActive>
        <REST_View_UU>05e4c4fc-7962-4247-9c89-9cc371c92bae</REST_View_UU>
        <WhereClause/>
        <REST_ViewColumn type="table">
            <AD_Client_ID>0</AD_Client_ID>
            <AD_Org_ID>0</AD_Org_ID>
            <REST_View_ID reference="uuid" reference-key="REST_View">05e4c4fc-7962-4247-9c89-9cc371c92bae</REST_View_ID>
            <REST_ViewColumn_UU>c095ef62-a33a-4829-8fe9-bb322c6321dc</REST_ViewColumn_UU>
            <AD_Column_ID reference="id">8976</AD_Column_ID>
            <Name>AD_OrgTrx_ID</Name>
            <IsActive>N</IsActive>
            <SeqNo>0</SeqNo>
            <REST_ReferenceView_ID reference="id"/>
        </REST_ViewColumn>
        <REST_ViewColumn type="table">
            <AD_Client_ID>0</AD_Client_ID>
            <AD_Org_ID>0</AD_Org_ID>
            <REST_View_ID reference="uuid" reference-key="REST_View">05e4c4fc-7962-4247-9c89-9cc371c92bae</REST_View_ID>
            <REST_ViewColumn_UU>727f45b2-b9de-4062-89ae-8b1af8fc1f37</REST_ViewColumn_UU>
            <AD_Column_ID reference="id">62477</AD_Column_ID>
            <Name>BP_Location_ID</Name>
            <IsActive>N</IsActive>
            <SeqNo>0</SeqNo>
            <REST_ReferenceView_ID reference="id"/>
        </REST_ViewColumn>
        <REST_ViewColumn type="table">
            <AD_Client_ID>0</AD_Client_ID>
            <AD_Org_ID>0</AD_Org_ID>
            <REST_View_ID reference="uuid" reference-key="REST_View">05e4c4fc-7962-4247-9c89-9cc371c92bae</REST_View_ID>
            <REST_ViewColumn_UU>3343c6d0-d5e1-4bce-9a43-d77d22aee582</REST_ViewColumn_UU>
            <AD_Column_ID reference="id">62130</AD_Column_ID>
            <Name>C_Campaign_ID</Name>
            <IsActive>N</IsActive>
            <SeqNo>0</SeqNo>
            <REST_ReferenceView_ID reference="id"/>
        </REST_ViewColumn>
        <REST_ViewColumn type="table">
            <AD_Client_ID>0</AD_Client_ID>
            <AD_Org_ID>0</AD_Org_ID>
            <REST_View_ID reference="uuid" reference-key="REST_View">05e4c4fc-7962-4247-9c89-9cc371c92bae</REST_View_ID>
            <REST_ViewColumn_UU>d556fcda-02e7-4849-bc04-b68c3b938c91</REST_ViewColumn_UU>
            <AD_Column_ID reference="id">8743</AD_Column_ID>
            <Name>C_Greeting_ID</Name>
            <IsActive>N</IsActive>
            <SeqNo>0</SeqNo>
            <REST_ReferenceView_ID reference="id"/>
        </REST_ViewColumn>
        <REST_ViewColumn type="table">
            <AD_Client_ID>0</AD_Client_ID>
            <AD_Org_ID>0</AD_Org_ID>
            <REST_View_ID reference="uuid" reference-key="REST_View">05e4c4fc-7962-4247-9c89-9cc371c92bae</REST_View_ID>
            <REST_ViewColumn_UU>2a0edc18-0db3-4777-a4a4-51d3190b1169</REST_ViewColumn_UU>
            <AD_Column_ID reference="id">14396</AD_Column_ID>
            <Name>C_Job_ID</Name>
            <IsActive>N</IsActive>
            <SeqNo>0</SeqNo>
            <REST_ReferenceView_ID reference="id"/>
        </REST_ViewColumn>
        <REST_ViewColumn type="table">
            <AD_Client_ID>0</AD_Client_ID>
            <AD_Org_ID>0</AD_Org_ID>
            <REST_View_ID reference="uuid" reference-key="REST_View">05e4c4fc-7962-4247-9c89-9cc371c92bae</REST_View_ID>
            <REST_ViewColumn_UU>8f7ba377-c056-4aac-b3a2-ad5ab5b4fdc6</REST_ViewColumn_UU>
            <AD_Column_ID reference="id">62125</AD_Column_ID>
            <Name>C_Location_ID</Name>
            <IsActive>N</IsActive>
            <SeqNo>0</SeqNo>
            <REST_ReferenceView_ID reference="id"/>
        </REST_ViewColumn>
        <REST_ViewColumn type="table">
            <AD_Client_ID>0</AD_Client_ID>
            <AD_Org_ID>0</AD_Org_ID>
            <REST_View_ID reference="uuid" reference-key="REST_View">05e4c4fc-7962-4247-9c89-9cc371c92bae</REST_View_ID>
            <REST_ViewColumn_UU>f4203bf3-ee37-43a5-b26c-ee44f9b3d373</REST_ViewColumn_UU>
            <AD_Column_ID reference="id">211209</AD_Column_ID>
            <Name>R_DefaultMailText_ID</Name>
            <IsActive>N</IsActive>
            <SeqNo>0</SeqNo>
            <REST_ReferenceView_ID reference="id"/>
        </REST_ViewColumn>
        <REST_ViewColumn type="table">
            <AD_Client_ID>0</AD_Client_ID>
            <AD_Org_ID>0</AD_Org_ID>
            <REST_View_ID reference="uuid" reference-key="REST_View">05e4c4fc-7962-4247-9c89-9cc371c92bae</REST_View_ID>
            <REST_ViewColumn_UU>6d09f834-7897-4917-9c68-39daf88a6c5f</REST_ViewColumn_UU>
            <AD_Column_ID reference="id">62131</AD_Column_ID>
            <Name>SalesRep_ID</Name>
            <IsActive>N</IsActive>
            <SeqNo>0</SeqNo>
            <REST_ReferenceView_ID reference="id"/>
        </REST_ViewColumn>
        <REST_ViewColumn type="table">
            <AD_Client_ID>0</AD_Client_ID>
            <AD_Org_ID>0</AD_Org_ID>
            <REST_View_ID reference="uuid" reference-key="REST_View">05e4c4fc-7962-4247-9c89-9cc371c92bae</REST_View_ID>
            <REST_ViewColumn_UU>5af72fee-7bcc-4cba-ab3a-eb47b91400a9</REST_ViewColumn_UU>
            <AD_Column_ID reference="id">5397</AD_Column_ID>
            <Name>Supervisor_ID</Name>
            <IsActive>N</IsActive>
            <SeqNo>0</SeqNo>
            <REST_ReferenceView_ID reference="id"/>
        </REST_ViewColumn>
        <REST_ViewColumn type="table">
            <AD_Client_ID>0</AD_Client_ID>
            <AD_Org_ID>0</AD_Org_ID>
            <REST_View_ID reference="uuid" reference-key="REST_View">05e4c4fc-7962-4247-9c89-9cc371c92bae</REST_View_ID>
            <REST_ViewColumn_UU>fb3d0c0e-b923-4290-bb2a-70e84ea7019e</REST_ViewColumn_UU>
            <AD_Column_ID reference="id">200458</AD_Column_ID>
            <Name>answer</Name>
            <IsActive>N</IsActive>
            <SeqNo>0</SeqNo>
            <REST_ReferenceView_ID reference="id"/>
        </REST_ViewColumn>
        <REST_ViewColumn type="table">
            <AD_Client_ID>0</AD_Client_ID>
            <AD_Org_ID>0</AD_Org_ID>
            <REST_View_ID reference="uuid" reference-key="REST_View">05e4c4fc-7962-4247-9c89-9cc371c92bae</REST_View_ID>
            <REST_ViewColumn_UU>00b62887-584f-449d-89fd-8419e9a01f04</REST_ViewColumn_UU>
            <AD_Column_ID reference="id">215808</AD_Column_ID>
            <Name>authenticationType</Name>
            <IsActive>N</IsActive>
            <SeqNo>0</SeqNo>
            <REST_ReferenceView_ID reference="id"/>
        </REST_ViewColumn>
        <REST_ViewColumn type="table">
            <AD_Client_ID>0</AD_Client_ID>
            <AD_Org_ID>0</AD_Org_ID>
            <REST_View_ID reference="uuid" reference-key="REST_View">05e4c4fc-7962-4247-9c89-9cc371c92bae</REST_View_ID>
            <REST_ViewColumn_UU>d4f9a507-4d1b-4502-bc9f-90c89c684088</REST_ViewColumn_UU>
            <AD_Column_ID reference="id">62476</AD_Column_ID>
            <Name>bPName</Name>
            <IsActive>N</IsActive>
            <SeqNo>0</SeqNo>
            <REST_ReferenceView_ID reference="id"/>
        </REST_ViewColumn>
        <REST_ViewColumn type="table">
            <AD_Client_ID>0</AD_Client_ID>
            <AD_Org_ID>0</AD_Org_ID>
            <REST_View_ID reference="uuid" reference-key="REST_View">05e4c4fc-7962-4247-9c89-9cc371c92bae</REST_View_ID>
            <REST_ViewColumn_UU>69fa3827-1145-4f21-95d6-d11eed460120</REST_ViewColumn_UU>
            <AD_Column_ID reference="id">8745</AD_Column_ID>
            <Name>birthday</Name>
            <IsActive>N</IsActive>
            <SeqNo>0</SeqNo>
            <REST_ReferenceView_ID reference="id"/>
        </REST_ViewColumn>
        <REST_ViewColumn type="table">
            <AD_Client_ID>0</AD_Client_ID>
            <AD_Org_ID>0</AD_Org_ID>
            <REST_View_ID reference="uuid" reference-key="REST_View">05e4c4fc-7962-4247-9c89-9cc371c92bae</REST_View_ID>
            <REST_ViewColumn_UU>f8c19dc0-80fb-458c-a8d3-96a82f8064c6</REST_ViewColumn_UU>
            <AD_Column_ID reference="id">8752</AD_Column_ID>
            <Name>comments</Name>
            <IsActive>N</IsActive>
            <SeqNo>0</SeqNo>
            <REST_ReferenceView_ID reference="id"/>
        </REST_ViewColumn>
        <REST_ViewColumn type="table">
            <AD_Client_ID>0</AD_Client_ID>
            <AD_Org_ID>0</AD_Org_ID>
            <REST_View_ID reference="uuid" reference-key="REST_View">05e4c4fc-7962-4247-9c89-9cc371c92bae</REST_View_ID>
            <REST_ViewColumn_UU>670cafda-d7a1-40aa-b582-a7a940b28193</REST_ViewColumn_UU>
            <AD_Column_ID reference="id">624</AD_Column_ID>
            <Name>createdBy</Name>
            <IsActive>N</IsActive>
            <SeqNo>0</SeqNo>
            <REST_ReferenceView_ID reference="id"/>
        </REST_ViewColumn>
        <REST_ViewColumn type="table">
            <AD_Client_ID>0</AD_Client_ID>
            <AD_Org_ID>0</AD_Org_ID>
            <REST_View_ID reference="uuid" reference-key="REST_View">05e4c4fc-7962-4247-9c89-9cc371c92bae</REST_View_ID>
            <REST_ViewColumn_UU>25df7791-7e53-419c-ae1e-d13dc829928e</REST_ViewColumn_UU>
            <AD_Column_ID reference="id">200405</AD_Column_ID>
            <Name>dateAccountLocked</Name>
            <IsActive>N</IsActive>
            <SeqNo>0</SeqNo>
            <REST_ReferenceView_ID reference="id"/>
        </REST_ViewColumn>
        <REST_ViewColumn type="table">
            <AD_Client_ID>0</AD_Client_ID>
            <AD_Org_ID>0</AD_Org_ID>
            <REST_View_ID reference="uuid" reference-key="REST_View">05e4c4fc-7962-4247-9c89-9cc371c92bae</REST_View_ID>
            <REST_ViewColumn_UU>1a602c7e-0524-4c99-819a-cde3e98fcd85</REST_ViewColumn_UU>
            <AD_Column_ID reference="id">200408</AD_Column_ID>
            <Name>dateLastLogin</Name>
            <IsActive>N</IsActive>
            <SeqNo>0</SeqNo>
            <REST_ReferenceView_ID reference="id"/>
        </REST_ViewColumn>
        <REST_ViewColumn type="table">
            <AD_Client_ID>0</AD_Client_ID>
            <AD_Org_ID>0</AD_Org_ID>
            <REST_View_ID reference="uuid" reference-key="REST_View">05e4c4fc-7962-4247-9c89-9cc371c92bae</REST_View_ID>
            <REST_ViewColumn_UU>17c4a322-c9ca-4755-ae6b-1b325ae737ce</REST_ViewColumn_UU>
            <AD_Column_ID reference="id">200407</AD_Column_ID>
            <Name>datePasswordChanged</Name>
            <IsActive>N</IsActive>
            <SeqNo>0</SeqNo>
            <REST_ReferenceView_ID reference="id"/>
        </REST_ViewColumn>
        <REST_ViewColumn type="table">
            <AD_Client_ID>0</AD_Client_ID>
            <AD_Org_ID>0</AD_Org_ID>
            <REST_View_ID reference="uuid" reference-key="REST_View">05e4c4fc-7962-4247-9c89-9cc371c92bae</REST_View_ID>
            <REST_ViewColumn_UU>a0fdf513-bc31-4012-a5d9-b9619f47ce36</REST_ViewColumn_UU>
            <AD_Column_ID reference="id">214</AD_Column_ID>
            <Name>description</Name>
            <IsActive>N</IsActive>
            <SeqNo>0</SeqNo>
            <REST_ReferenceView_ID reference="id"/>
        </REST_ViewColumn>
        <REST_ViewColumn type="table">
            <AD_Client_ID>0</AD_Client_ID>
            <AD_Org_ID>0</AD_Org_ID>
            <REST_View_ID reference="uuid" reference-key="REST_View">05e4c4fc-7962-4247-9c89-9cc371c92bae</REST_View_ID>
            <REST_ViewColumn_UU>f8aa3b30-488c-435f-a677-0799f7eedf84</REST_ViewColumn_UU>
            <AD_Column_ID reference="id">7793</AD_Column_ID>
            <Name>eMailUser</Name>
            <IsActive>N</IsActive>
            <SeqNo>0</SeqNo>
            <REST_ReferenceView_ID reference="id"/>
        </REST_ViewColumn>
        <REST_ViewColumn type="table">
            <AD_Client_ID>0</AD_Client_ID>
            <AD_Org_ID>0</AD_Org_ID>
            <REST_View_ID reference="uuid" reference-key="REST_View">05e4c4fc-7962-4247-9c89-9cc371c92bae</REST_View_ID>
            <REST_ViewColumn_UU>c70d2b38-2a10-428c-88a0-88e0af5d8ec7</REST_ViewColumn_UU>
            <AD_Column_ID reference="id">7794</AD_Column_ID>
            <Name>eMailUserPW</Name>
            <IsActive>N</IsActive>
            <SeqNo>0</SeqNo>
            <REST_ReferenceView_ID reference="id"/>
        </REST_ViewColumn>
        <REST_ViewColumn type="table">
            <AD_Client_ID>0</AD_Client_ID>
            <AD_Org_ID>0</AD_Org_ID>
            <REST_View_ID reference="uuid" reference-key="REST_View">05e4c4fc-7962-4247-9c89-9cc371c92bae</REST_View_ID>
            <REST_ViewColumn_UU>2325143f-dd46-4e62-85ca-fcb389d38965</REST_ViewColumn_UU>
            <AD_Column_ID reference="id">9884</AD_Column_ID>
            <Name>eMailVerify</Name>
            <IsActive>N</IsActive>
            <SeqNo>0</SeqNo>
            <REST_ReferenceView_ID reference="id"/>
        </REST_ViewColumn>
        <REST_ViewColumn type="table">
            <AD_Client_ID>0</AD_Client_ID>
            <AD_Org_ID>0</AD_Org_ID>
            <REST_View_ID reference="uuid" reference-key="REST_View">05e4c4fc-7962-4247-9c89-9cc371c92bae</REST_View_ID>
            <REST_ViewColumn_UU>df7eb906-da3d-48b2-99b0-4312393099bb</REST_ViewColumn_UU>
            <AD_Column_ID reference="id">13600</AD_Column_ID>
            <Name>eMailVerifyDate</Name>
            <IsActive>N</IsActive>
            <SeqNo>0</SeqNo>
            <REST_ReferenceView_ID reference="id"/>
        </REST_ViewColumn>
        <REST_ViewColumn type="table">
            <AD_Client_ID>0</AD_Client_ID>
            <AD_Org_ID>0</AD_Org_ID>
            <REST_View_ID reference="uuid" reference-key="REST_View">05e4c4fc-7962-4247-9c89-9cc371c92bae</REST_View_ID>
            <REST_ViewColumn_UU>fa9efcd2-9998-422b-8f84-9329070ad638</REST_ViewColumn_UU>
            <AD_Column_ID reference="id">200406</AD_Column_ID>
            <Name>failedLoginCount</Name>
            <IsActive>N</IsActive>
            <SeqNo>0</SeqNo>
            <REST_ReferenceView_ID reference="id"/>
        </REST_ViewColumn>
        <REST_ViewColumn type="table">
            <AD_Client_ID>0</AD_Client_ID>
            <AD_Org_ID>0</AD_Org_ID>
            <REST_View_ID reference="uuid" reference-key="REST_View">05e4c4fc-7962-4247-9c89-9cc371c92bae</REST_View_ID>
            <REST_ViewColumn_UU>bc105512-1e14-45b3-a95f-f2f02dac5007</REST_ViewColumn_UU>
            <AD_Column_ID reference="id">8748</AD_Column_ID>
            <Name>fax</Name>
            <IsActive>N</IsActive>
            <SeqNo>0</SeqNo>
            <REST_ReferenceView_ID reference="id"/>
        </REST_ViewColumn>
        <REST_ViewColumn type="table">
            <AD_Client_ID>0</AD_Client_ID>
            <AD_Org_ID>0</AD_Org_ID>
            <REST_View_ID reference="uuid" reference-key="REST_View">05e4c4fc-7962-4247-9c89-9cc371c92bae</REST_View_ID>
            <REST_ViewColumn_UU>ef498bb6-25be-4b58-906e-d0b6a752ea59</REST_ViewColumn_UU>
            <AD_Column_ID reference="id">211208</AD_Column_ID>
            <Name>isAddMailTextAutomatically</Name>
            <IsActive>N</IsActive>
            <SeqNo>0</SeqNo>
            <REST_ReferenceView_ID reference="id"/>
        </REST_ViewColumn>
        <REST_ViewColumn type="table">
            <AD_Client_ID>0</AD_Client_ID>
            <AD_Org_ID>0</AD_Org_ID>
            <REST_View_ID reference="uuid" reference-key="REST_View">05e4c4fc-7962-4247-9c89-9cc371c92bae</REST_View_ID>
            <REST_ViewColumn_UU>5095148e-51c3-4055-832e-daf806df6cf6</REST_ViewColumn_UU>
            <AD_Column_ID reference="id">214324</AD_Column_ID>
            <Name>isBillTo</Name>
            <IsActive>N</IsActive>
            <SeqNo>0</SeqNo>
            <REST_ReferenceView_ID reference="id"/>
        </REST_ViewColumn>
        <REST_ViewColumn type="table">
            <AD_Client_ID>0</AD_Client_ID>
            <AD_Org_ID>0</AD_Org_ID>
            <REST_View_ID reference="uuid" reference-key="REST_View">05e4c4fc-7962-4247-9c89-9cc371c92bae</REST_View_ID>
            <REST_ViewColumn_UU>51d40ded-ecc2-4483-9605-fb68edf413d6</REST_ViewColumn_UU>
            <AD_Column_ID reference="id">200456</AD_Column_ID>
            <Name>isExpired</Name>
            <IsActive>N</IsActive>
            <SeqNo>0</SeqNo>
            <REST_ReferenceView_ID reference="id"/>
        </REST_ViewColumn>
        <REST_ViewColumn type="table">
            <AD_Client_ID>0</AD_Client_ID>
            <AD_Org_ID>0</AD_Org_ID>
            <REST_View_ID reference="uuid" reference-key="REST_View">05e4c4fc-7962-4247-9c89-9cc371c92bae</REST_View_ID>
            <REST_ViewColumn_UU>f8261554-7421-482b-8c49-6de34c054f24</REST_ViewColumn_UU>
            <AD_Column_ID reference="id">14336</AD_Column_ID>
            <Name>isFullBPAccess</Name>
            <IsActive>N</IsActive>
            <SeqNo>0</SeqNo>
            <REST_ReferenceView_ID reference="id"/>
        </REST_ViewColumn>
        <REST_ViewColumn type="table">
            <AD_Client_ID>0</AD_Client_ID>
            <AD_Org_ID>0</AD_Org_ID>
            <REST_View_ID reference="uuid" reference-key="REST_View">05e4c4fc-7962-4247-9c89-9cc371c92bae</REST_View_ID>
            <REST_ViewColumn_UU>1d0f937e-2f42-47ee-8ccd-6e9307a138d5</REST_ViewColumn_UU>
            <AD_Column_ID reference="id">56294</AD_Column_ID>
            <Name>isInPayroll</Name>
            <IsActive>N</IsActive>
            <SeqNo>0</SeqNo>
            <REST_ReferenceView_ID reference="id"/>
        </REST_ViewColumn>
        <REST_ViewColumn type="table">
            <AD_Client_ID>0</AD_Client_ID>
            <AD_Org_ID>0</AD_Org_ID>
            <REST_View_ID reference="uuid" reference-key="REST_View">05e4c4fc-7962-4247-9c89-9cc371c92bae</REST_View_ID>
            <REST_ViewColumn_UU>8b6b0b48-6137-4e4d-b8b9-dd32cd583448</REST_ViewColumn_UU>
            <AD_Column_ID reference="id">200404</AD_Column_ID>
            <Name>isLocked</Name>
            <IsActive>N</IsActive>
            <SeqNo>0</SeqNo>
            <REST_ReferenceView_ID reference="id"/>
        </REST_ViewColumn>
        <REST_ViewColumn type="table">
            <AD_Client_ID>0</AD_Client_ID>
            <AD_Org_ID>0</AD_Org_ID>
            <REST_View_ID reference="uuid" reference-key="REST_View">05e4c4fc-7962-4247-9c89-9cc371c92bae</REST_View_ID>
            <REST_ViewColumn_UU>1d665515-781f-4334-b20d-20e5803abd1c</REST_ViewColumn_UU>
            <AD_Column_ID reference="id">200113</AD_Column_ID>
            <Name>isMenuAutoExpand</Name>
            <IsActive>N</IsActive>
            <SeqNo>0</SeqNo>
            <REST_ReferenceView_ID reference="id"/>
        </REST_ViewColumn>
        <REST_ViewColumn type="table">
            <AD_Client_ID>0</AD_Client_ID>
            <AD_Org_ID>0</AD_Org_ID>
            <REST_View_ID reference="uuid" reference-key="REST_View">05e4c4fc-7962-4247-9c89-9cc371c92bae</REST_View_ID>
            <REST_ViewColumn_UU>bce28b43-2622-4f41-b53d-baf4c28f2654</REST_ViewColumn_UU>
            <AD_Column_ID reference="id">213690</AD_Column_ID>
            <Name>isNoExpire</Name>
            <IsActive>N</IsActive>
            <SeqNo>0</SeqNo>
            <REST_ReferenceView_ID reference="id"/>
        </REST_ViewColumn>
        <REST_ViewColumn type="table">
            <AD_Client_ID>0</AD_Client_ID>
            <AD_Org_ID>0</AD_Org_ID>
            <REST_View_ID reference="uuid" reference-key="REST_View">05e4c4fc-7962-4247-9c89-9cc371c92bae</REST_View_ID>
            <REST_ViewColumn_UU>ade9249f-3c41-40a3-a287-467d0591f78a</REST_ViewColumn_UU>
            <AD_Column_ID reference="id">200409</AD_Column_ID>
            <Name>isNoPasswordReset</Name>
            <IsActive>N</IsActive>
            <SeqNo>0</SeqNo>
            <REST_ReferenceView_ID reference="id"/>
        </REST_ViewColumn>
        <REST_ViewColumn type="table">
            <AD_Client_ID>0</AD_Client_ID>
            <AD_Org_ID>0</AD_Org_ID>
            <REST_View_ID reference="uuid" reference-key="REST_View">05e4c4fc-7962-4247-9c89-9cc371c92bae</REST_View_ID>
            <REST_ViewColumn_UU>d2be57b4-a395-49f4-b25e-e4e07cc9397f</REST_ViewColumn_UU>
            <AD_Column_ID reference="id">62124</AD_Column_ID>
            <Name>isSalesLead</Name>
            <IsActive>N</IsActive>
            <SeqNo>0</SeqNo>
            <REST_ReferenceView_ID reference="id"/>
        </REST_ViewColumn>
        <REST_ViewColumn type="table">
            <AD_Client_ID>0</AD_Client_ID>
            <AD_Org_ID>0</AD_Org_ID>
            <REST_View_ID reference="uuid" reference-key="REST_View">05e4c4fc-7962-4247-9c89-9cc371c92bae</REST_View_ID>
            <REST_ViewColumn_UU>21e0e687-979b-495c-b0f1-91f0c9ee110b</REST_ViewColumn_UU>
            <AD_Column_ID reference="id">214323</AD_Column_ID>
            <Name>isShipTo</Name>
            <IsActive>N</IsActive>
            <SeqNo>0</SeqNo>
            <REST_ReferenceView_ID reference="id"/>
        </REST_ViewColumn>
        <REST_ViewColumn type="table">
            <AD_Client_ID>0</AD_Client_ID>
            <AD_Org_ID>0</AD_Org_ID>
            <REST_View_ID reference="uuid" reference-key="REST_View">05e4c4fc-7962-4247-9c89-9cc371c92bae</REST_View_ID>
            <REST_ViewColumn_UU>0abf0a44-f073-4706-9954-69678f4514e5</REST_ViewColumn_UU>
            <AD_Column_ID reference="id">213857</AD_Column_ID>
            <Name>isSupportUser</Name>
            <IsActive>N</IsActive>
            <SeqNo>0</SeqNo>
            <REST_ReferenceView_ID reference="id"/>
        </REST_ViewColumn>
        <REST_ViewColumn type="table">
            <AD_Client_ID>0</AD_Client_ID>
            <AD_Org_ID>0</AD_Org_ID>
            <REST_View_ID reference="uuid" reference-key="REST_View">05e4c4fc-7962-4247-9c89-9cc371c92bae</REST_View_ID>
            <REST_ViewColumn_UU>c4083206-0a4b-4243-9112-c28110b9791e</REST_ViewColumn_UU>
            <AD_Column_ID reference="id">214342</AD_Column_ID>
            <Name>isVendorLead</Name>
            <IsActive>N</IsActive>
            <SeqNo>0</SeqNo>
            <REST_ReferenceView_ID reference="id"/>
        </REST_ViewColumn>
        <REST_ViewColumn type="table">
            <AD_Client_ID>0</AD_Client_ID>
            <AD_Org_ID>0</AD_Org_ID>
            <REST_View_ID reference="uuid" reference-key="REST_View">05e4c4fc-7962-4247-9c89-9cc371c92bae</REST_View_ID>
            <REST_ViewColumn_UU>9d705718-3d93-4935-876c-7e18f113c061</REST_ViewColumn_UU>
            <AD_Column_ID reference="id">212756</AD_Column_ID>
            <Name>AD_Image_ID</Name>
            <IsActive>N</IsActive>
            <SeqNo>0</SeqNo>
            <REST_ReferenceView_ID reference="id"/>
        </REST_ViewColumn>
        <REST_ViewColumn type="table">
            <AD_Client_ID>0</AD_Client_ID>
            <AD_Org_ID>0</AD_Org_ID>
            <REST_View_ID reference="uuid" reference-key="REST_View">05e4c4fc-7962-4247-9c89-9cc371c92bae</REST_View_ID>
            <REST_ViewColumn_UU>943ff11c-0830-4712-8e48-17c620d9eb93</REST_ViewColumn_UU>
            <AD_Column_ID reference="id">8746</AD_Column_ID>
            <Name>C_BPartner_Location_ID</Name>
            <IsActive>N</IsActive>
            <SeqNo>0</SeqNo>
            <REST_ReferenceView_ID reference="id"/>
        </REST_ViewColumn>
        <REST_ViewColumn type="table">
            <AD_Client_ID>0</AD_Client_ID>
            <AD_Org_ID>0</AD_Org_ID>
            <REST_View_ID reference="uuid" reference-key="REST_View">05e4c4fc-7962-4247-9c89-9cc371c92bae</REST_View_ID>
            <REST_ViewColumn_UU>06dec08b-ec09-406a-86ec-c7fdd9d80a36</REST_ViewColumn_UU>
            <AD_Column_ID reference="id">12401</AD_Column_ID>
            <Name>lDAPUser</Name>
            <IsActive>N</IsActive>
            <SeqNo>0</SeqNo>
            <REST_ReferenceView_ID reference="id"/>
        </REST_ViewColumn>
        <REST_ViewColumn type="table">
            <AD_Client_ID>0</AD_Client_ID>
            <AD_Org_ID>0</AD_Org_ID>
            <REST_View_ID reference="uuid" reference-key="REST_View">05e4c4fc-7962-4247-9c89-9cc371c92bae</REST_View_ID>
            <REST_ViewColumn_UU>29bc2a76-bc34-49ca-b43f-cfff8c6476e8</REST_ViewColumn_UU>
            <AD_Column_ID reference="id">8750</AD_Column_ID>
            <Name>lastContact</Name>
            <IsActive>N</IsActive>
            <SeqNo>0</SeqNo>
            <REST_ReferenceView_ID reference="id"/>
        </REST_ViewColumn>
        <REST_ViewColumn type="table">
            <AD_Client_ID>0</AD_Client_ID>
            <AD_Org_ID>0</AD_Org_ID>
            <REST_View_ID reference="uuid" reference-key="REST_View">05e4c4fc-7962-4247-9c89-9cc371c92bae</REST_View_ID>
            <REST_ViewColumn_UU>4f4cc3ca-e904-4e65-836a-3fd46563f146</REST_ViewColumn_UU>
            <AD_Column_ID reference="id">8749</AD_Column_ID>
            <Name>lastResult</Name>
            <IsActive>N</IsActive>
            <SeqNo>0</SeqNo>
            <REST_ReferenceView_ID reference="id"/>
        </REST_ViewColumn>
        <REST_ViewColumn type="table">
            <AD_Client_ID>0</AD_Client_ID>
            <AD_Org_ID>0</AD_Org_ID>
            <REST_View_ID reference="uuid" reference-key="REST_View">05e4c4fc-7962-4247-9c89-9cc371c92bae</REST_View_ID>
            <REST_ViewColumn_UU>5f921d2e-0189-404d-a2ce-abcd80db799a</REST_ViewColumn_UU>
            <AD_Column_ID reference="id">62126</AD_Column_ID>
            <Name>leadSource</Name>
            <IsActive>N</IsActive>
            <SeqNo>0</SeqNo>
            <REST_ReferenceView_ID reference="id"/>
        </REST_ViewColumn>
        <REST_ViewColumn type="table">
            <AD_Client_ID>0</AD_Client_ID>
            <AD_Org_ID>0</AD_Org_ID>
            <REST_View_ID reference="uuid" reference-key="REST_View">05e4c4fc-7962-4247-9c89-9cc371c92bae</REST_View_ID>
            <REST_ViewColumn_UU>56b6432d-3006-4f13-b6b9-a98415a1071e</REST_ViewColumn_UU>
            <AD_Column_ID reference="id">62128</AD_Column_ID>
            <Name>leadSourceDescription</Name>
            <IsActive>N</IsActive>
            <SeqNo>0</SeqNo>
            <REST_ReferenceView_ID reference="id"/>
        </REST_ViewColumn>
        <REST_ViewColumn type="table">
            <AD_Client_ID>0</AD_Client_ID>
            <AD_Org_ID>0</AD_Org_ID>
            <REST_View_ID reference="uuid" reference-key="REST_View">05e4c4fc-7962-4247-9c89-9cc371c92bae</REST_View_ID>
            <REST_ViewColumn_UU>e8a9e3e5-d062-450b-a4d7-3b5359eac392</REST_ViewColumn_UU>
            <AD_Column_ID reference="id">62127</AD_Column_ID>
            <Name>leadStatus</Name>
            <IsActive>N</IsActive>
            <SeqNo>0</SeqNo>
            <REST_ReferenceView_ID reference="id"/>
        </REST_ViewColumn>
        <REST_ViewColumn type="table">
            <AD_Client_ID>0</AD_Client_ID>
            <AD_Org_ID>0</AD_Org_ID>
            <REST_View_ID reference="uuid" reference-key="REST_View">05e4c4fc-7962-4247-9c89-9cc371c92bae</REST_View_ID>
            <REST_ViewColumn_UU>84a113df-cc3e-4753-9ed2-1116d24b5594</REST_ViewColumn_UU>
            <AD_Column_ID reference="id">62129</AD_Column_ID>
            <Name>leadStatusDescription</Name>
            <IsActive>N</IsActive>
            <SeqNo>0</SeqNo>
            <REST_ReferenceView_ID reference="id"/>
        </REST_ViewColumn>
        <REST_ViewColumn type="table">
            <AD_Client_ID>0</AD_Client_ID>
            <AD_Org_ID>0</AD_Org_ID>
            <REST_View_ID reference="uuid" reference-key="REST_View">05e4c4fc-7962-4247-9c89-9cc371c92bae</REST_View_ID>
            <REST_ViewColumn_UU>1ca10c42-02be-4c33-9514-fced6ecfd473</REST_ViewColumn_UU>
            <AD_Column_ID reference="id">13773</AD_Column_ID>
            <Name>notificationType</Name>
            <IsActive>N</IsActive>
            <SeqNo>0</SeqNo>
            <REST_ReferenceView_ID reference="id"/>
        </REST_ViewColumn>
        <REST_ViewColumn type="table">
            <AD_Client_ID>0</AD_Client_ID>
            <AD_Org_ID>0</AD_Org_ID>
            <REST_View_ID reference="uuid" reference-key="REST_View">05e4c4fc-7962-4247-9c89-9cc371c92bae</REST_View_ID>
            <REST_ViewColumn_UU>2a62efb5-4fd1-4da4-8fb5-193995e1bed5</REST_ViewColumn_UU>
            <AD_Column_ID reference="id">417</AD_Column_ID>
            <Name>password</Name>
            <IsActive>N</IsActive>
            <SeqNo>0</SeqNo>
            <REST_ReferenceView_ID reference="id"/>
        </REST_ViewColumn>
        <REST_ViewColumn type="table">
            <AD_Client_ID>0</AD_Client_ID>
            <AD_Org_ID>0</AD_Org_ID>
            <REST_View_ID reference="uuid" reference-key="REST_View">05e4c4fc-7962-4247-9c89-9cc371c92bae</REST_View_ID>
            <REST_ViewColumn_UU>77e1c4ac-2bd0-4e23-a9fe-24bd80f553f1</REST_ViewColumn_UU>
            <AD_Column_ID reference="id">8747</AD_Column_ID>
            <Name>phone</Name>
            <IsActive>N</IsActive>
            <SeqNo>0</SeqNo>
            <REST_ReferenceView_ID reference="id"/>
        </REST_ViewColumn>
        <REST_ViewColumn type="table">
            <AD_Client_ID>0</AD_Client_ID>
            <AD_Org_ID>0</AD_Org_ID>
            <REST_View_ID reference="uuid" reference-key="REST_View">05e4c4fc-7962-4247-9c89-9cc371c92bae</REST_View_ID>
            <REST_ViewColumn_UU>8393b6e6-a81e-41d0-bc4c-c62a1e7c8241</REST_ViewColumn_UU>
            <AD_Column_ID reference="id">8744</AD_Column_ID>
            <Name>phone2</Name>
            <IsActive>N</IsActive>
            <SeqNo>0</SeqNo>
            <REST_ReferenceView_ID reference="id"/>
        </REST_ViewColumn>
        <REST_ViewColumn type="table">
            <AD_Client_ID>0</AD_Client_ID>
            <AD_Org_ID>0</AD_Org_ID>
            <REST_View_ID reference="uuid" reference-key="REST_View">05e4c4fc-7962-4247-9c89-9cc371c92bae</REST_View_ID>
            <REST_ViewColumn_UU>47b5b2bb-4bac-4bb1-b332-3bdf3568cc88</REST_ViewColumn_UU>
            <AD_Column_ID reference="id">6314</AD_Column_ID>
            <Name>processing</Name>
            <IsActive>N</IsActive>
            <SeqNo>0</SeqNo>
            <REST_ReferenceView_ID reference="id"/>
        </REST_ViewColumn>
        <REST_ViewColumn type="table">
            <AD_Client_ID>0</AD_Client_ID>
            <AD_Org_ID>0</AD_Org_ID>
            <REST_View_ID reference="uuid" reference-key="REST_View">05e4c4fc-7962-4247-9c89-9cc371c92bae</REST_View_ID>
            <REST_ViewColumn_UU>227836b6-6ead-402c-b2bf-0bb923f2f883</REST_ViewColumn_UU>
            <AD_Column_ID reference="id">61756</AD_Column_ID>
            <Name>salt</Name>
            <IsActive>N</IsActive>
            <SeqNo>0</SeqNo>
            <REST_ReferenceView_ID reference="id"/>
        </REST_ViewColumn>
        <REST_ViewColumn type="table">
            <AD_Client_ID>0</AD_Client_ID>
            <AD_Org_ID>0</AD_Org_ID>
            <REST_View_ID reference="uuid" reference-key="REST_View">05e4c4fc-7962-4247-9c89-9cc371c92bae</REST_View_ID>
            <REST_ViewColumn_UU>6c7950d6-7ec8-40d7-acaf-4a138bc79b06</REST_ViewColumn_UU>
            <AD_Column_ID reference="id">200457</AD_Column_ID>
            <Name>securityQuestion</Name>
            <IsActive>N</IsActive>
            <SeqNo>0</SeqNo>
            <REST_ReferenceView_ID reference="id"/>
        </REST_ViewColumn>
        <REST_ViewColumn type="table">
            <AD_Client_ID>0</AD_Client_ID>
            <AD_Org_ID>0</AD_Org_ID>
            <REST_View_ID reference="uuid" reference-key="REST_View">05e4c4fc-7962-4247-9c89-9cc371c92bae</REST_View_ID>
            <REST_ViewColumn_UU>4b0ac859-e4c3-41de-83e4-5d6b4a89a432</REST_ViewColumn_UU>
            <AD_Column_ID reference="id">8751</AD_Column_ID>
            <Name>title</Name>
            <IsActive>N</IsActive>
            <SeqNo>0</SeqNo>
            <REST_ReferenceView_ID reference="id"/>
        </REST_ViewColumn>
        <REST_ViewColumn type="table">
            <AD_Client_ID>0</AD_Client_ID>
            <AD_Org_ID>0</AD_Org_ID>
            <REST_View_ID reference="uuid" reference-key="REST_View">05e4c4fc-7962-4247-9c89-9cc371c92bae</REST_View_ID>
            <REST_ViewColumn_UU>202c54c9-dcd1-428f-8c0a-5903c6e90273</REST_ViewColumn_UU>
            <AD_Column_ID reference="id">626</AD_Column_ID>
            <Name>updatedBy</Name>
            <IsActive>N</IsActive>
            <SeqNo>0</SeqNo>
            <REST_ReferenceView_ID reference="id"/>
        </REST_ViewColumn>
        <REST_ViewColumn type="table">
            <AD_Client_ID>0</AD_Client_ID>
            <AD_Org_ID>0</AD_Org_ID>
            <REST_View_ID reference="uuid" reference-key="REST_View">05e4c4fc-7962-4247-9c89-9cc371c92bae</REST_View_ID>
            <REST_ViewColumn_UU>4ae62652-756a-496b-8604-63b86baa8011</REST_ViewColumn_UU>
            <AD_Column_ID reference="id">52066</AD_Column_ID>
            <Name>userPIN</Name>
            <IsActive>N</IsActive>
            <SeqNo>0</SeqNo>
            <REST_ReferenceView_ID reference="id"/>
        </REST_ViewColumn>
        <REST_ViewColumn type="table">
            <AD_Client_ID>0</AD_Client_ID>
            <AD_Org_ID>0</AD_Org_ID>
            <REST_View_ID reference="uuid" reference-key="REST_View">05e4c4fc-7962-4247-9c89-9cc371c92bae</REST_View_ID>
            <REST_ViewColumn_UU>111b5b61-2db6-4f30-8c8b-09360fee4186</REST_ViewColumn_UU>
            <AD_Column_ID reference="id">15975</AD_Column_ID>
            <Name>value</Name>
            <IsActive>N</IsActive>
            <SeqNo>0</SeqNo>
            <REST_ReferenceView_ID reference="id"/>
        </REST_ViewColumn>
        <REST_ViewColumn type="table">
            <AD_Client_ID>0</AD_Client_ID>
            <AD_Org_ID>0</AD_Org_ID>
            <REST_View_ID reference="uuid" reference-key="REST_View">05e4c4fc-7962-4247-9c89-9cc371c92bae</REST_View_ID>
            <REST_ViewColumn_UU>96803d6d-f9e4-4029-aee2-8ea3f14320c4</REST_ViewColumn_UU>
            <AD_Column_ID reference="id">422</AD_Column_ID>
            <Name>tenant</Name>
            <IsActive>Y</IsActive>
            <SeqNo>20</SeqNo>
            <REST_ReferenceView_ID reference="id"/>
        </REST_ViewColumn>
        <REST_ViewColumn type="table">
            <AD_Client_ID>0</AD_Client_ID>
            <AD_Org_ID>0</AD_Org_ID>
            <REST_View_ID reference="uuid" reference-key="REST_View">05e4c4fc-7962-4247-9c89-9cc371c92bae</REST_View_ID>
            <REST_ViewColumn_UU>9451b119-db3d-4d5a-9a1a-82354335dc7d</REST_ViewColumn_UU>
            <AD_Column_ID reference="id">423</AD_Column_ID>
            <Name>organization</Name>
            <IsActive>Y</IsActive>
            <SeqNo>30</SeqNo>
            <REST_ReferenceView_ID reference="id"/>
        </REST_ViewColumn>
        <REST_ViewColumn type="table">
            <AD_Client_ID>0</AD_Client_ID>
            <AD_Org_ID>0</AD_Org_ID>
            <REST_View_ID reference="uuid" reference-key="REST_View">05e4c4fc-7962-4247-9c89-9cc371c92bae</REST_View_ID>
            <REST_ViewColumn_UU>25bbab29-ad01-42ed-ae62-4db9c677f8fd</REST_ViewColumn_UU>
            <AD_Column_ID reference="id">213</AD_Column_ID>
            <Name>name</Name>
            <IsActive>Y</IsActive>
            <SeqNo>40</SeqNo>
            <REST_ReferenceView_ID reference="id"/>
        </REST_ViewColumn>
        <REST_ViewColumn type="table">
            <AD_Client_ID>0</AD_Client_ID>
            <AD_Org_ID>0</AD_Org_ID>
            <REST_View_ID reference="uuid" reference-key="REST_View">05e4c4fc-7962-4247-9c89-9cc371c92bae</REST_View_ID>
            <REST_ViewColumn_UU>1a7e9df3-33fd-412f-8ad6-2242f1d13103</REST_ViewColumn_UU>
            <AD_Column_ID reference="id">5396</AD_Column_ID>
            <Name>email</Name>
            <IsActive>Y</IsActive>
            <SeqNo>50</SeqNo>
            <REST_ReferenceView_ID reference="id"/>
        </REST_ViewColumn>
        <REST_ViewColumn type="table">
            <AD_Client_ID>0</AD_Client_ID>
            <AD_Org_ID>0</AD_Org_ID>
            <REST_View_ID reference="uuid" reference-key="REST_View">05e4c4fc-7962-4247-9c89-9cc371c92bae</REST_View_ID>
            <REST_ViewColumn_UU>54493e40-c0de-4e1b-8044-5cc1f9d1a3f0</REST_ViewColumn_UU>
            <AD_Column_ID reference="id">622</AD_Column_ID>
            <Name>active</Name>
            <IsActive>Y</IsActive>
            <SeqNo>60</SeqNo>
            <REST_ReferenceView_ID reference="id"/>
        </REST_ViewColumn>
        <REST_ViewColumn type="table">
            <AD_Client_ID>0</AD_Client_ID>
            <AD_Org_ID>0</AD_Org_ID>
            <REST_View_ID reference="uuid" reference-key="REST_View">05e4c4fc-7962-4247-9c89-9cc371c92bae</REST_View_ID>
            <REST_ViewColumn_UU>ba9d5967-9107-4310-88ff-808391ffe991</REST_ViewColumn_UU>
            <AD_Column_ID reference="id">623</AD_Column_ID>
            <Name>created</Name>
            <IsActive>Y</IsActive>
            <SeqNo>70</SeqNo>
            <REST_ReferenceView_ID reference="id"/>
        </REST_ViewColumn>
        <REST_ViewColumn type="table">
            <AD_Client_ID>0</AD_Client_ID>
            <AD_Org_ID>0</AD_Org_ID>
            <REST_View_ID reference="uuid" reference-key="REST_View">05e4c4fc-7962-4247-9c89-9cc371c92bae</REST_View_ID>
            <REST_ViewColumn_UU>7605be4e-7828-4541-854a-7183efc4d536</REST_ViewColumn_UU>
            <AD_Column_ID reference="id">625</AD_Column_ID>
            <Name>updated</Name>
            <IsActive>Y</IsActive>
            <SeqNo>80</SeqNo>
            <REST_ReferenceView_ID reference="id"/>
        </REST_ViewColumn>
        <REST_ViewColumn type="table">
            <AD_Client_ID>0</AD_Client_ID>
            <AD_Org_ID>0</AD_Org_ID>
            <REST_View_ID reference="uuid" reference-key="REST_View">05e4c4fc-7962-4247-9c89-9cc371c92bae</REST_View_ID>
            <REST_ViewColumn_UU>9341441f-d0c3-4250-9aed-7d22afa1cd07</REST_ViewColumn_UU>
            <AD_Column_ID reference="id">5844</AD_Column_ID>
            <Name>C_BPartner_ID</Name>
            <IsActive>Y</IsActive>
            <SeqNo>10</SeqNo>
            <REST_ReferenceView_ID reference="uuid" reference-key="REST_View">5cb7c771-3911-4042-9e72-42f8f4713e33</REST_ReferenceView_ID>
        </REST_ViewColumn>
        <REST_ViewRelated type="table">
            <AD_Client_ID>0</AD_Client_ID>
            <AD_Org_ID>0</AD_Org_ID>
            <REST_View_ID reference="uuid" reference-key="REST_View">05e4c4fc-7962-4247-9c89-9cc371c92bae</REST_View_ID>
            <REST_ViewRelated_UU>98257655-9a35-4469-96d0-74422a431c3c</REST_ViewRelated_UU>
            <Name>roles</Name>
            <IsActive>Y</IsActive>
            <REST_RelatedRestView_ID reference="uuid" reference-key="REST_View">11a5f6aa-33e1-471b-aab7-bf0160088d4e</REST_RelatedRestView_ID>
            <IsRestAutoExpand>Y</IsRestAutoExpand>
        </REST_ViewRelated>
    </REST_View>
</idempiere>
