<?xml version="1.0" encoding="UTF-8"?><?xml-stylesheet type="text/css" href="idempiereDocument.css"?><idempiereDocument>
    <header>202510100612_SYSTEM_RestView Package Description</header>
    <H1>Package Name:</H1>
    <packagename>202510100612_SYSTEM_RestView</packagename>
    <H1>Author:</H1>
    <Name:/>
    <H1>Email Address:</H1>
    <Email>etan@trekglobal.com</Email>
    <H1>Created:</H1>
    <Date>2025-10-10 14:12:23.987</Date>
    <H1>Updated:</H1>
    <Date>2025-10-10 14:14:14.798</Date>
    <H1>Description:</H1>
    <description>Display Logic of REST_ViewColumn.REST_ViewColumn</description>
    <H1>Instructions:</H1>
    <instructions/>
    <H1>Files in Package:</H1>
    <file>File: PackOut.xml</file>
    <filedirectory>Directory: \dict\</filedirectory>
    <filenotes>Notes: Contains all application/object settings for package</filenotes>
    <H1>Client:</H1>
    <Client>0-SYSTEM-System</Client>
</idempiereDocument>
