<?xml version="1.0" encoding="UTF-8"?><?xml-stylesheet type="text/css" href="idempiereDocument.css"?><idempiereDocument>
    <header>REST_Upload Package Description</header>
    <H1>Package Name:</H1>
    <packagename>REST_Upload</packagename>
    <H1>Author:</H1>
    <Name:/>
    <H1>Email Address:</H1>
    <Email>etan@trekglobal.com</Email>
    <H1>Created:</H1>
    <Date>2025-06-03 17:10:33.667</Date>
    <H1>Updated:</H1>
    <Date>2025-06-04 13:52:04.491</Date>
    <H1>Description:</H1>
    <description>Upload large files #360</description>
    <H1>Instructions:</H1>
    <instructions/>
    <H1>Files in Package:</H1>
    <file>File: PackOut.xml</file>
    <filedirectory>Directory: \dict\</filedirectory>
    <filenotes>Notes: Contains all application/object settings for package</filenotes>
    <H1>Client:</H1>
    <Client>0-SYSTEM-System</Client>
</idempiereDocument>
