<?xml version="1.0" encoding="UTF-8"?><idempiere Name="2Pack_1.0.17" Version="1.0.17" idempiereVersion="" DataBaseVersion="" Description="" Author="" AuthorEmail="hengsin@gmail.com" CreatedDate="2025-10-24 13:27:17.839" UpdatedDate="2025-10-24 13:27:17.839" PackOutVersion="100" UpdateDictionary="false" Client="0-SYSTEM-System" AD_Client_UU="11237b53-9592-4af1-b3c5-afd216514b5d">
    <AD_TableIndex type="table">
        <AD_Client_ID>0</AD_Client_ID>
        <AD_Org_ID>0</AD_Org_ID>
        <AD_TableIndex_UU>d10940ef-effa-4589-b785-b6836b4e2536</AD_TableIndex_UU>
        <Description>Unique index for Issuer URL and Audience</Description>
        <EntityType>IR</EntityType>
        <IsActive>Y</IsActive>
        <Name>REST_OIDCService_IssuerURL_Idx</Name>
        <AD_Table_ID reference="uuid" reference-key="AD_Table">53dea7a0-c321-497e-8818-a0071331663b</AD_Table_ID>
        <Help/>
        <IsCreateConstraint>Y</IsCreateConstraint>
        <IsUnique>Y</IsUnique>
        <Processing>N</Processing>
        <AD_Message_ID reference="id"/>
        <TableIndexDrop>N</TableIndexDrop>
        <IsKey>N</IsKey>
    </AD_TableIndex>
</idempiere>
