<?xml version="1.0" encoding="UTF-8"?><idempiere Name="REST_OIDC" Version="1.0" idempiereVersion="" DataBaseVersion="" Description="" Author="" AuthorEmail="hlow@trekgloba.com" CreatedDate="2023-07-03 17:37:57.756" UpdatedDate="2023-07-03 17:37:57.756" PackOutVersion="100" UpdateDictionary="false" Client="0-SYSTEM-System" AD_Client_UU="11237b53-9592-4af1-b3c5-afd216514b5d">
    <REST_OIDCProvider type="table">
        <AD_Client_ID>0</AD_Client_ID>
        <AD_Org_ID>0</AD_Org_ID>
        <AD_Org_ID reference="id">0</AD_Org_ID>
        <IsActive>Y</IsActive>
        <REST_OIDCProvider_UU>93352241-17c9-4fb8-94a0-67757a130adf</REST_OIDCProvider_UU>
        <Name>Amazon Cognito</Name>
        <OIDC_ConfigurationURL>@OIDC_AuthorityURL@/.well-known/openid-configuration</OIDC_ConfigurationURL>
        <Help>Authority URL: https://cognito-idp.{Region}.amazonaws.com/{your user pool ID}
Configuration URL: {Authority URL}/.well-known/openid-configuration
Issuer URL: {Authority URL}</Help>
    </REST_OIDCProvider>
    <REST_OIDCProvider type="table">
        <AD_Client_ID>0</AD_Client_ID>
        <AD_Org_ID>0</AD_Org_ID>
        <AD_Org_ID reference="id">0</AD_Org_ID>
        <IsActive>Y</IsActive>
        <REST_OIDCProvider_UU>2e07176d-b057-416e-a414-099d3a898674</REST_OIDCProvider_UU>
        <Name>Azure</Name>
        <OIDC_ConfigurationURL>@OIDC_AuthorityURL@/.well-known/openid-configuration</OIDC_ConfigurationURL>
        <Help>Authority URL: https://login.microsoftonline.com/{tenant}/v2.0
Configuration URL: {Authority URL}/.well-known/openid-configuration
Issuer URL: {Authority URL}</Help>
    </REST_OIDCProvider>
    <REST_OIDCProvider type="table">
        <AD_Client_ID>0</AD_Client_ID>
        <AD_Org_ID>0</AD_Org_ID>
        <AD_Org_ID reference="id">0</AD_Org_ID>
        <IsActive>Y</IsActive>
        <REST_OIDCProvider_UU>98d61e80-967e-4b43-a488-67178326806f</REST_OIDCProvider_UU>
        <Name>Google</Name>
        <OIDC_ConfigurationURL>@OIDC_AuthorityURL@/.well-known/openid-configuration</OIDC_ConfigurationURL>
        <Help>Authority URL: https://accounts.google.com
Configuration URL: {Authority URL}/.well-known/openid-configuration/.well-known/openid-configuration
Issuer URL: {Authority URL}</Help>
    </REST_OIDCProvider>
    <REST_OIDCProvider type="table">
        <AD_Client_ID>0</AD_Client_ID>
        <AD_Org_ID>0</AD_Org_ID>
        <AD_Org_ID reference="id">0</AD_Org_ID>
        <IsActive>Y</IsActive>
        <REST_OIDCProvider_UU>597f2511-a70d-45e4-8198-c0855a72c42f</REST_OIDCProvider_UU>
        <Name>Keycloak</Name>
        <OIDC_ConfigurationURL>@OIDC_AuthorityURL@/.well-known/openid-configuration</OIDC_ConfigurationURL>
        <Help>Authority URL: {Server host name or IP}/realms/{Realm Name}
Configuration URL: {Authority URL}/.well-known/openid-configuration
Issuer URL: {Authority URL}
</Help>
    </REST_OIDCProvider>
    <AD_EntityType type="table">
        <AD_Client_ID>0</AD_Client_ID>
        <AD_Org_ID>0</AD_Org_ID>
        <EntityType>IR</EntityType>
        <AD_Org_ID reference="id">0</AD_Org_ID>
        <IsActive>Y</IsActive>
        <Name>Idempiere Rest</Name>
        <Description/>
        <Help/>
        <Version/>
        <ModelPackage>com.trekglobal.idempiere.rest.api.model</ModelPackage>
        <Classpath/>
        <Processing>N</Processing>
        <AD_EntityType_UU>a476b976-cfcf-44fd-b4cf-0d87737899dd</AD_EntityType_UU>
    </AD_EntityType>
</idempiere>
