<?xml version="1.0" encoding="UTF-8"?><idempiere Name="REST_Upload" Version="1.0" idempiereVersion="" DataBaseVersion="" Description="Upload large files #360" Author="" AuthorEmail="etan@trekglobal.com" CreatedDate="2025-06-03 17:10:33.667" UpdatedDate="2025-06-04 13:52:04.491" PackOutVersion="100" UpdateDictionary="true" Client="0-SYSTEM-System" AD_Client_UU="11237b53-9592-4af1-b3c5-afd216514b5d">
    <AD_Element type="table">
        <AD_Client_ID>0</AD_Client_ID>
        <AD_Org_ID>0</AD_Org_ID>
        <IsActive>Y</IsActive>
        <ColumnName>REST_UploadLocation</ColumnName>
        <Name>Upload Location</Name>
        <Description/>
        <Help/>
        <PrintName>Upload Location</PrintName>
        <PO_Description/>
        <PO_Help/>
        <PO_Name/>
        <PO_PrintName/>
        <EntityType>IR</EntityType>
        <AD_Element_UU>8e60c652-ef1a-420a-9413-a2e44551a36c</AD_Element_UU>
        <Placeholder/>
        <AD_Element_Trl type="translation">
            <Description/>
            <Help/>
            <Name>Upload Location</Name>
            <Placeholder/>
            <PO_Description/>
            <PO_Help/>
            <PO_Name/>
            <PO_PrintName/>
            <PrintName>Upload Location</PrintName>
            <AD_Language>es_CO</AD_Language>
            <IsActive>Y</IsActive>
            <IsTranslated>N</IsTranslated>
        </AD_Element_Trl>
    </AD_Element>
    <AD_Reference type="table">
        <AD_Client_ID>0</AD_Client_ID>
        <AD_Org_ID>0</AD_Org_ID>
        <Name>REST_UploadLocation</Name>
        <Description>Upload Location</Description>
        <Help/>
        <ValidationType>L</ValidationType>
        <IsActive>Y</IsActive>
        <VFormat/>
        <EntityType>U</EntityType>
        <IsOrderByValue>N</IsOrderByValue>
        <AD_Reference_UU>08dc4c29-bd1f-44d5-a3e2-632bde193975</AD_Reference_UU>
        <AD_Element_ID reference="id"/>
        <ShowInactive>N</ShowInactive>
        <AD_Reference_Trl type="translation">
            <Description>Upload Location</Description>
            <Help/>
            <Name>REST_UploadLocation</Name>
            <AD_Language>es_CO</AD_Language>
            <IsActive>Y</IsActive>
            <IsTranslated>N</IsTranslated>
        </AD_Reference_Trl>
        <AD_Ref_List type="table">
            <AD_Client_ID>0</AD_Client_ID>
            <AD_Org_ID>0</AD_Org_ID>
            <Name>Archive</Name>
            <Description/>
            <AD_Reference_ID reference="uuid" reference-key="AD_Reference">08dc4c29-bd1f-44d5-a3e2-632bde193975</AD_Reference_ID>
            <ValidFrom/>
            <ValidTo/>
            <Value>ARCHIVE</Value>
            <IsActive>Y</IsActive>
            <EntityType>U</EntityType>
            <AD_Ref_List_UU>d55cb324-fc80-49a8-9228-f9025e893701</AD_Ref_List_UU>
            <AD_Ref_List_Trl type="translation">
                <Description/>
                <Name>Archive</Name>
                <AD_Language>es_CO</AD_Language>
                <IsActive>Y</IsActive>
                <IsTranslated>N</IsTranslated>
            </AD_Ref_List_Trl>
        </AD_Ref_List>
        <AD_Ref_List type="table">
            <AD_Client_ID>0</AD_Client_ID>
            <AD_Org_ID>0</AD_Org_ID>
            <Name>Attachment</Name>
            <Description/>
            <AD_Reference_ID reference="uuid" reference-key="AD_Reference">08dc4c29-bd1f-44d5-a3e2-632bde193975</AD_Reference_ID>
            <ValidFrom/>
            <ValidTo/>
            <Value>ATTACHMENT</Value>
            <IsActive>Y</IsActive>
            <EntityType>U</EntityType>
            <AD_Ref_List_UU>c25f8f62-6cc1-497f-b5f6-f9e207c2154c</AD_Ref_List_UU>
            <AD_Ref_List_Trl type="translation">
                <Description/>
                <Name>Attachment</Name>
                <AD_Language>es_CO</AD_Language>
                <IsActive>Y</IsActive>
                <IsTranslated>N</IsTranslated>
            </AD_Ref_List_Trl>
        </AD_Ref_List>
        <AD_Ref_List type="table">
            <AD_Client_ID>0</AD_Client_ID>
            <AD_Org_ID>0</AD_Org_ID>
            <Name>Image</Name>
            <Description/>
            <AD_Reference_ID reference="uuid" reference-key="AD_Reference">08dc4c29-bd1f-44d5-a3e2-632bde193975</AD_Reference_ID>
            <ValidFrom/>
            <ValidTo/>
            <Value>IMAGE</Value>
            <IsActive>Y</IsActive>
            <EntityType>U</EntityType>
            <AD_Ref_List_UU>fc664d2a-9178-43de-b59b-f9312f117928</AD_Ref_List_UU>
            <AD_Ref_List_Trl type="translation">
                <Description/>
                <Name>Image</Name>
                <AD_Language>es_CO</AD_Language>
                <IsActive>Y</IsActive>
                <IsTranslated>N</IsTranslated>
            </AD_Ref_List_Trl>
        </AD_Ref_List>
    </AD_Reference>
    <AD_Column type="table">
        <IsSyncDatabase>Y</IsSyncDatabase>
        <AD_Table_ID reference="uuid" reference-key="AD_Table">26adb1aa-e1af-480f-9118-2e56914e7fd4</AD_Table_ID>
        <AD_Reference_Value_ID reference="uuid" reference-key="AD_Reference">08dc4c29-bd1f-44d5-a3e2-632bde193975</AD_Reference_Value_ID>
        <AD_Client_ID>0</AD_Client_ID>
        <AD_Org_ID>0</AD_Org_ID>
        <Version>0</Version>
        <Name>Upload Location</Name>
        <Description/>
        <Help/>
        <AD_Val_Rule_ID reference="id"/>
        <ColumnName>REST_UploadLocation</ColumnName>
        <DefaultValue>ARCHIVE</DefaultValue>
        <FieldLength>20</FieldLength>
        <IsKey>N</IsKey>
        <IsParent>N</IsParent>
        <IsMandatory>N</IsMandatory>
        <IsTranslated>N</IsTranslated>
        <IsIdentifier>N</IsIdentifier>
        <SeqNo>0</SeqNo>
        <IsEncrypted>N</IsEncrypted>
        <AD_Reference_ID reference="id" reference-key="AD_Reference">17</AD_Reference_ID>
        <IsActive>Y</IsActive>
        <VFormat/>
        <Callout/>
        <AD_Element_ID reference="uuid" reference-key="AD_Element">8e60c652-ef1a-420a-9413-a2e44551a36c</AD_Element_ID>
        <IsUpdateable>Y</IsUpdateable>
        <AD_Process_ID reference="id"/>
        <ValueMin/>
        <ValueMax/>
        <IsSelectionColumn>N</IsSelectionColumn>
        <ReadOnlyLogic/>
        <EntityType>IR</EntityType>
        <IsAlwaysUpdateable>N</IsAlwaysUpdateable>
        <ColumnSQL/>
        <MandatoryLogic/>
        <IsAutocomplete>N</IsAutocomplete>
        <IsAllowLogging>Y</IsAllowLogging>
        <FormatPattern/>
        <AD_Chart_ID reference="id"/>
        <AD_Column_UU>6b6bfcf2-c5a4-4df9-9579-5b440cd77e11</AD_Column_UU>
        <IsAllowCopy>N</IsAllowCopy>
        <SeqNoSelection>0</SeqNoSelection>
        <IsToolbarButton>N</IsToolbarButton>
        <IsSecure>N</IsSecure>
        <FKConstraintName/>
        <FKConstraintType>N</FKConstraintType>
        <PA_DashboardContent_ID reference="id"/>
        <Placeholder/>
        <IsHtml>N</IsHtml>
        <AD_Val_Rule_Lookup_ID reference="id"/>
        <AlwaysUpdatableLogic/>
        <AD_InfoWindow_ID reference="id"/>
        <FKConstraintMsg_ID reference="id"/>
        <PartitioningMethod/>
        <IsPartitionKey>N</IsPartitionKey>
        <SeqNoPartition/>
        <RangePartitionInterval/>
    </AD_Column>
    <AD_Column type="table">
        <IsSyncDatabase>Y</IsSyncDatabase>
        <AD_Table_ID reference="uuid" reference-key="AD_Table">26adb1aa-e1af-480f-9118-2e56914e7fd4</AD_Table_ID>
        <AD_Reference_Value_ID reference="id"/>
        <AD_Client_ID>0</AD_Client_ID>
        <AD_Org_ID>0</AD_Org_ID>
        <Version>0</Version>
        <Name>Image</Name>
        <Description>Image or Icon</Description>
        <Help>Images and Icon can be used to display supported graphic formats (gif, jpg, png).
You can either load the image (in the database) or point to a graphic via a URI (i.e. it can point to a resource, http address)</Help>
        <AD_Val_Rule_ID reference="id"/>
        <ColumnName>AD_Image_ID</ColumnName>
        <DefaultValue/>
        <FieldLength>22</FieldLength>
        <IsKey>N</IsKey>
        <IsParent>N</IsParent>
        <IsMandatory>N</IsMandatory>
        <IsTranslated>N</IsTranslated>
        <IsIdentifier>N</IsIdentifier>
        <SeqNo>0</SeqNo>
        <IsEncrypted>N</IsEncrypted>
        <AD_Reference_ID reference="id" reference-key="AD_Reference">32</AD_Reference_ID>
        <IsActive>Y</IsActive>
        <VFormat/>
        <Callout/>
        <AD_Element_ID reference="id" reference-key="AD_Element">1639</AD_Element_ID>
        <IsUpdateable>Y</IsUpdateable>
        <AD_Process_ID reference="id"/>
        <ValueMin/>
        <ValueMax/>
        <IsSelectionColumn>N</IsSelectionColumn>
        <ReadOnlyLogic/>
        <EntityType>IR</EntityType>
        <IsAlwaysUpdateable>N</IsAlwaysUpdateable>
        <ColumnSQL/>
        <MandatoryLogic/>
        <IsAutocomplete>N</IsAutocomplete>
        <IsAllowLogging>Y</IsAllowLogging>
        <FormatPattern/>
        <AD_Chart_ID reference="id"/>
        <AD_Column_UU>2cca6727-7a50-46fd-b001-a8f8cad9174e</AD_Column_UU>
        <IsAllowCopy>Y</IsAllowCopy>
        <SeqNoSelection>0</SeqNoSelection>
        <IsToolbarButton>N</IsToolbarButton>
        <IsSecure>N</IsSecure>
        <FKConstraintName>ADImage_RESTUpload</FKConstraintName>
        <FKConstraintType>N</FKConstraintType>
        <PA_DashboardContent_ID reference="id"/>
        <Placeholder/>
        <IsHtml>N</IsHtml>
        <AD_Val_Rule_Lookup_ID reference="id"/>
        <AlwaysUpdatableLogic/>
        <AD_InfoWindow_ID reference="id"/>
        <FKConstraintMsg_ID reference="id"/>
        <PartitioningMethod/>
        <IsPartitionKey>N</IsPartitionKey>
        <SeqNoPartition/>
        <RangePartitionInterval/>
    </AD_Column>
</idempiere>
