<?xml version="1.0" encoding="UTF-8"?><idempiere Name="2Pack_1.0.16" Version="1.0.15" idempiereVersion="" DataBaseVersion="" Description="" Author="" AuthorEmail="hengsin@gmail.com" CreatedDate="2025-10-23 18:39:03.093" UpdatedDate="2025-10-23 18:40:13.938" PackOutVersion="100" UpdateDictionary="false" Client="0-SYSTEM-System" AD_Client_UU="11237b53-9592-4af1-b3c5-afd216514b5d">
    <AD_IndexColumn type="table">
        <AD_Client_ID>0</AD_Client_ID>
        <AD_Org_ID>0</AD_Org_ID>
        <AD_IndexColumn_UU>a97b5937-16a8-4670-93de-612fcb6d8255</AD_IndexColumn_UU>
        <EntityType>IR</EntityType>
        <IsActive>Y</IsActive>
        <AD_Column_ID reference="uuid" reference-key="AD_Column">80013ef4-2167-493c-8711-1b8ab36de72f</AD_Column_ID>
        <AD_TableIndex_ID reference="uuid" reference-key="AD_TableIndex">d10940ef-effa-4589-b785-b6836b4e2536</AD_TableIndex_ID>
        <ColumnSQL/>
        <SeqNo>30</SeqNo>
    </AD_IndexColumn>
</idempiere>
