<?xml version="1.0" encoding="UTF-8"?><?xml-stylesheet type="text/css" href="idempiereDocument.css"?><idempiereDocument>
    <header>202510290950_REST_View Package Description</header>
    <H1>Package Name:</H1>
    <packagename>202510290950_REST_View</packagename>
    <H1>Author:</H1>
    <Name:/>
    <H1>Email Address:</H1>
    <Email>etan@trekglobal.com</Email>
    <H1>Created:</H1>
    <Date>2025-10-29 17:52:28.436</Date>
    <H1>Updated:</H1>
    <Date>2025-10-29 17:53:14.97</Date>
    <H1>Description:</H1>
    <description>REST View window</description>
    <H1>Instructions:</H1>
    <instructions/>
    <H1>Files in Package:</H1>
    <file>File: PackOut.xml</file>
    <filedirectory>Directory: \dict\</filedirectory>
    <filenotes>Notes: Contains all application/object settings for package</filenotes>
    <H1>Client:</H1>
    <Client>0-SYSTEM-System</Client>
</idempiereDocument>
