<?xml version="1.0" encoding="UTF-8"?><idempiere Name="REST_ViewColumnLogics" Version="1.0" idempiereVersion="" DataBaseVersion="" Description="" Author="" AuthorEmail="hlow@trekglobal.com" CreatedDate="2025-03-08 15:53:02.033" UpdatedDate="2025-03-08 15:53:02.033" PackOutVersion="100" UpdateDictionary="false" Client="0-SYSTEM-System" AD_Client_UU="11237b53-9592-4af1-b3c5-afd216514b5d">
    <AD_Column type="table">
        <IsSyncDatabase>Y</IsSyncDatabase>
        <AD_Table_ID reference="uuid" reference-key="AD_Table">efac9899-07cf-4e29-aa34-2b0389258243</AD_Table_ID>
        <AD_Reference_Value_ID reference="id"/>
        <AD_Client_ID>0</AD_Client_ID>
        <AD_Org_ID>0</AD_Org_ID>
        <Version>0</Version>
        <Name>Default Logic</Name>
        <Description>Default value hierarchy, separated by ;</Description>
        <Help>The defaults are evaluated in the order of definition, the first not null value becomes the default value of the column. The values are separated by comma or semicolon. a) Literals:. 'Text' or 123 b) Variables - in format @Variable@ - Login e.g. #Date, #AD_Org_ID, #AD_Tenant_ID - Accounting Schema: e.g. $C_AcctSchema_ID, $C_Calendar_ID - Global defaults: e.g. DateFormat - Window values (all Picks, CheckBoxes, RadioButtons, and DateDoc/DateAcct) c) SQL code with the tag: @SQL=SELECT something AS DefaultValue FROM ... The SQL statement can contain variables.  There can be no other value other than the SQL statement. The default is only evaluated, if no user preference is defined.  Default definitions are ignored for record columns as Key, Parent, Tenant as well as Buttons.</Help>
        <AD_Val_Rule_ID reference="id"/>
        <ColumnName>DefaultValue</ColumnName>
        <DefaultValue/>
        <FieldLength>2000</FieldLength>
        <IsKey>N</IsKey>
        <IsParent>N</IsParent>
        <IsMandatory>N</IsMandatory>
        <IsTranslated>N</IsTranslated>
        <IsIdentifier>N</IsIdentifier>
        <SeqNo>0</SeqNo>
        <IsEncrypted>N</IsEncrypted>
        <AD_Reference_ID reference="id">10</AD_Reference_ID>
        <IsActive>Y</IsActive>
        <VFormat/>
        <Callout/>
        <AD_Element_ID reference="id">272</AD_Element_ID>
        <IsUpdateable>Y</IsUpdateable>
        <AD_Process_ID reference="id"/>
        <ValueMin/>
        <ValueMax/>
        <IsSelectionColumn>N</IsSelectionColumn>
        <ReadOnlyLogic/>
        <EntityType>U</EntityType>
        <IsAlwaysUpdateable>N</IsAlwaysUpdateable>
        <ColumnSQL/>
        <MandatoryLogic/>
        <IsAutocomplete>N</IsAutocomplete>
        <IsAllowLogging>Y</IsAllowLogging>
        <FormatPattern/>
        <AD_Chart_ID reference="id"/>
        <AD_Column_UU>5edb0822-c4dd-4980-9b57-68d1cd56a89c</AD_Column_UU>
        <IsAllowCopy>Y</IsAllowCopy>
        <SeqNoSelection>0</SeqNoSelection>
        <IsToolbarButton>N</IsToolbarButton>
        <IsSecure>N</IsSecure>
        <FKConstraintName/>
        <FKConstraintType>N</FKConstraintType>
        <PA_DashboardContent_ID reference="id"/>
        <Placeholder/>
        <IsHtml>N</IsHtml>
        <AD_Val_Rule_Lookup_ID reference="id"/>
        <AlwaysUpdatableLogic/>
        <AD_InfoWindow_ID reference="id"/>
        <FKConstraintMsg_ID reference="id"/>
        <PartitioningMethod/>
        <IsPartitionKey>N</IsPartitionKey>
        <SeqNoPartition/>
        <RangePartitionInterval/>
        <IsUseLuceneIndex>N</IsUseLuceneIndex>
    </AD_Column>
    <AD_Column type="table">
        <IsSyncDatabase>Y</IsSyncDatabase>
        <AD_Table_ID reference="uuid" reference-key="AD_Table">efac9899-07cf-4e29-aa34-2b0389258243</AD_Table_ID>
        <AD_Reference_Value_ID reference="id"/>
        <AD_Client_ID>0</AD_Client_ID>
        <AD_Org_ID>0</AD_Org_ID>
        <Version>0</Version>
        <Name>Mandatory Logic</Name>
        <Description/>
        <Help/>
        <AD_Val_Rule_ID reference="id"/>
        <ColumnName>MandatoryLogic</ColumnName>
        <DefaultValue/>
        <FieldLength>2000</FieldLength>
        <IsKey>N</IsKey>
        <IsParent>N</IsParent>
        <IsMandatory>N</IsMandatory>
        <IsTranslated>N</IsTranslated>
        <IsIdentifier>N</IsIdentifier>
        <SeqNo>0</SeqNo>
        <IsEncrypted>N</IsEncrypted>
        <AD_Reference_ID reference="id">10</AD_Reference_ID>
        <IsActive>Y</IsActive>
        <VFormat/>
        <Callout/>
        <AD_Element_ID reference="id">50074</AD_Element_ID>
        <IsUpdateable>Y</IsUpdateable>
        <AD_Process_ID reference="id"/>
        <ValueMin/>
        <ValueMax/>
        <IsSelectionColumn>N</IsSelectionColumn>
        <ReadOnlyLogic/>
        <EntityType>U</EntityType>
        <IsAlwaysUpdateable>N</IsAlwaysUpdateable>
        <ColumnSQL/>
        <MandatoryLogic/>
        <IsAutocomplete>N</IsAutocomplete>
        <IsAllowLogging>Y</IsAllowLogging>
        <FormatPattern/>
        <AD_Chart_ID reference="id"/>
        <AD_Column_UU>ced9216b-db3b-485a-8125-ae387b7dd165</AD_Column_UU>
        <IsAllowCopy>Y</IsAllowCopy>
        <SeqNoSelection>0</SeqNoSelection>
        <IsToolbarButton>N</IsToolbarButton>
        <IsSecure>N</IsSecure>
        <FKConstraintName/>
        <FKConstraintType>N</FKConstraintType>
        <PA_DashboardContent_ID reference="id"/>
        <Placeholder/>
        <IsHtml>N</IsHtml>
        <AD_Val_Rule_Lookup_ID reference="id"/>
        <AlwaysUpdatableLogic/>
        <AD_InfoWindow_ID reference="id"/>
        <FKConstraintMsg_ID reference="id"/>
        <PartitioningMethod/>
        <IsPartitionKey>N</IsPartitionKey>
        <SeqNoPartition/>
        <RangePartitionInterval/>
        <IsUseLuceneIndex>N</IsUseLuceneIndex>
    </AD_Column>
    <AD_Column type="table">
        <IsSyncDatabase>Y</IsSyncDatabase>
        <AD_Table_ID reference="uuid" reference-key="AD_Table">efac9899-07cf-4e29-aa34-2b0389258243</AD_Table_ID>
        <AD_Reference_Value_ID reference="id"/>
        <AD_Client_ID>0</AD_Client_ID>
        <AD_Org_ID>0</AD_Org_ID>
        <Version>0</Version>
        <Name>Read Only Logic</Name>
        <Description>Logic to determine if field is read only (applies only when field is read-write)</Description>
        <Help>format := {expression} [{logic} {expression}]&lt;br&gt; 
expression := @{context}@{operand}{value} or @{context}@{operand}{value}&lt;br&gt; 
logic := {|}|{&amp;}&lt;br&gt;
context := any global or window context &lt;br&gt;
value := strings or numbers&lt;br&gt;
logic operators	:= AND or OR with the previous result from left to right &lt;br&gt;
operand := eq{=}, gt{&amp;gt;}, le{&amp;lt;}, not{~^!} &lt;br&gt;
Examples: &lt;br&gt;
&lt;ul&gt;
&lt;li&gt; @AD_Table_ID@=14 | @Language@!GERGER&lt;/li&gt;
&lt;li&gt; @PriceLimit@&gt;10 | @PriceList@&gt;@PriceActual@&lt;/li&gt;
&lt;li&gt; @Name@&gt;J&lt;/li&gt;
&lt;/ul&gt;
Strings may be in single quotes (optional)</Help>
        <AD_Val_Rule_ID reference="id"/>
        <ColumnName>ReadOnlyLogic</ColumnName>
        <DefaultValue/>
        <FieldLength>2000</FieldLength>
        <IsKey>N</IsKey>
        <IsParent>N</IsParent>
        <IsMandatory>N</IsMandatory>
        <IsTranslated>N</IsTranslated>
        <IsIdentifier>N</IsIdentifier>
        <SeqNo>0</SeqNo>
        <IsEncrypted>N</IsEncrypted>
        <AD_Reference_ID reference="id">10</AD_Reference_ID>
        <IsActive>Y</IsActive>
        <VFormat/>
        <Callout/>
        <AD_Element_ID reference="id">1663</AD_Element_ID>
        <IsUpdateable>Y</IsUpdateable>
        <AD_Process_ID reference="id"/>
        <ValueMin/>
        <ValueMax/>
        <IsSelectionColumn>N</IsSelectionColumn>
        <ReadOnlyLogic/>
        <EntityType>U</EntityType>
        <IsAlwaysUpdateable>N</IsAlwaysUpdateable>
        <ColumnSQL/>
        <MandatoryLogic/>
        <IsAutocomplete>N</IsAutocomplete>
        <IsAllowLogging>Y</IsAllowLogging>
        <FormatPattern/>
        <AD_Chart_ID reference="id"/>
        <AD_Column_UU>ce473d0b-909a-4286-bc9d-3c47670d2da5</AD_Column_UU>
        <IsAllowCopy>Y</IsAllowCopy>
        <SeqNoSelection>0</SeqNoSelection>
        <IsToolbarButton>N</IsToolbarButton>
        <IsSecure>N</IsSecure>
        <FKConstraintName/>
        <FKConstraintType>N</FKConstraintType>
        <PA_DashboardContent_ID reference="id"/>
        <Placeholder/>
        <IsHtml>N</IsHtml>
        <AD_Val_Rule_Lookup_ID reference="id"/>
        <AlwaysUpdatableLogic/>
        <AD_InfoWindow_ID reference="id"/>
        <FKConstraintMsg_ID reference="id"/>
        <PartitioningMethod/>
        <IsPartitionKey>N</IsPartitionKey>
        <SeqNoPartition/>
        <RangePartitionInterval/>
        <IsUseLuceneIndex>N</IsUseLuceneIndex>
    </AD_Column>
    <AD_Field type="table">
        <AD_Client_ID>0</AD_Client_ID>
        <AD_Org_ID>0</AD_Org_ID>
        <Name>Default Logic</Name>
        <Description>Default value hierarchy, separated by ;</Description>
        <Help>The defaults are evaluated in the order of definition, the first not null value becomes the default value of the column. The values are separated by comma or semicolon. a) Literals:. 'Text' or 123 b) Variables - in format @Variable@ - Login e.g. #Date, #AD_Org_ID, #AD_Tenant_ID - Accounting Schema: e.g. $C_AcctSchema_ID, $C_Calendar_ID - Global defaults: e.g. DateFormat - Window values (all Picks, CheckBoxes, RadioButtons, and DateDoc/DateAcct) c) SQL code with the tag: @SQL=SELECT something AS DefaultValue FROM ... The SQL statement can contain variables.  There can be no other value other than the SQL statement. The default is only evaluated, if no user preference is defined.  Default definitions are ignored for record columns as Key, Parent, Tenant as well as Buttons.</Help>
        <AD_Tab_ID reference="uuid" reference-key="AD_Tab">8d91e7f0-8611-4b31-85bd-6297c2692406</AD_Tab_ID>
        <AD_Column_ID reference="uuid" reference-key="AD_Column">5edb0822-c4dd-4980-9b57-68d1cd56a89c</AD_Column_ID>
        <IsDisplayed>Y</IsDisplayed>
        <DisplayLogic/>
        <DisplayLength>0</DisplayLength>
        <SeqNo>70</SeqNo>
        <SortNo>0</SortNo>
        <IsSameLine>N</IsSameLine>
        <IsHeading>N</IsHeading>
        <IsFieldOnly>N</IsFieldOnly>
        <IsEncrypted>N</IsEncrypted>
        <IsActive>Y</IsActive>
        <IsReadOnly>N</IsReadOnly>
        <IsCentrallyMaintained>Y</IsCentrallyMaintained>
        <AD_FieldGroup_ID reference="id"/>
        <EntityType>U</EntityType>
        <ObscureType/>
        <AD_Reference_ID reference="id"/>
        <IsMandatory/>
        <DefaultValue/>
        <AD_Reference_Value_ID reference="id"/>
        <AD_Val_Rule_ID reference="id"/>
        <Included_Tab_ID reference="id"/>
        <AD_Field_UU>5dd9b487-1408-48cc-8da3-bb6239c59e35</AD_Field_UU>
        <IsAllowCopy/>
        <IsDisplayedGrid>Y</IsDisplayedGrid>
        <SeqNoGrid>40</SeqNoGrid>
        <XPosition>1</XPosition>
        <ColumnSpan>2</ColumnSpan>
        <NumLines>1</NumLines>
        <IsQuickEntry>N</IsQuickEntry>
        <IsUpdateable/>
        <IsAlwaysUpdateable/>
        <MandatoryLogic/>
        <ReadOnlyLogic/>
        <IsToolbarButton/>
        <IsDefaultFocus>N</IsDefaultFocus>
        <IsAdvancedField>N</IsAdvancedField>
        <VFormat/>
        <AD_LabelStyle_ID reference="id"/>
        <AD_FieldStyle_ID reference="id"/>
        <IsQuickForm>N</IsQuickForm>
        <Placeholder/>
        <IsSelectionColumn/>
        <AD_Val_Rule_Lookup_ID reference="id"/>
        <ColumnSQL/>
        <AD_Chart_ID reference="id"/>
        <AlwaysUpdatableLogic/>
        <IsHtml>N</IsHtml>
        <AD_Field_Trl type="translation">
            <Description>Default value hierarchy, separated by ;</Description>
            <Help>The defaults are evaluated in the order of definition, the first not null value becomes the default value of the column. The values are separated by comma or semicolon. a) Literals:. 'Text' or 123 b) Variables - in format @Variable@ - Login e.g. #Date, #AD_Org_ID, #AD_Tenant_ID - Accounting Schema: e.g. $C_AcctSchema_ID, $C_Calendar_ID - Global defaults: e.g. DateFormat - Window values (all Picks, CheckBoxes, RadioButtons, and DateDoc/DateAcct) c) SQL code with the tag: @SQL=SELECT something AS DefaultValue FROM ... The SQL statement can contain variables.  There can be no other value other than the SQL statement. The default is only evaluated, if no user preference is defined.  Default definitions are ignored for record columns as Key, Parent, Tenant as well as Buttons.</Help>
            <Name>Default Logic</Name>
            <Placeholder/>
            <AD_Language>es_CO</AD_Language>
            <IsActive>Y</IsActive>
            <IsTranslated>N</IsTranslated>
        </AD_Field_Trl>
    </AD_Field>
    <AD_Field type="table">
        <AD_Client_ID>0</AD_Client_ID>
        <AD_Org_ID>0</AD_Org_ID>
        <Name>Read Only Logic</Name>
        <Description>Logic to determine if field is read only (applies only when field is read-write)</Description>
        <Help>format := {expression} [{logic} {expression}]&lt;br&gt; 
expression := @{context}@{operand}{value} or @{context}@{operand}{value}&lt;br&gt; 
logic := {|}|{&amp;}&lt;br&gt;
context := any global or window context &lt;br&gt;
value := strings or numbers&lt;br&gt;
logic operators	:= AND or OR with the previous result from left to right &lt;br&gt;
operand := eq{=}, gt{&amp;gt;}, le{&amp;lt;}, not{~^!} &lt;br&gt;
Examples: &lt;br&gt;
&lt;ul&gt;
&lt;li&gt; @AD_Table_ID@=14 | @Language@!GERGER&lt;/li&gt;
&lt;li&gt; @PriceLimit@&gt;10 | @PriceList@&gt;@PriceActual@&lt;/li&gt;
&lt;li&gt; @Name@&gt;J&lt;/li&gt;
&lt;/ul&gt;
Strings may be in single quotes (optional)</Help>
        <AD_Tab_ID reference="uuid" reference-key="AD_Tab">8d91e7f0-8611-4b31-85bd-6297c2692406</AD_Tab_ID>
        <AD_Column_ID reference="uuid" reference-key="AD_Column">ce473d0b-909a-4286-bc9d-3c47670d2da5</AD_Column_ID>
        <IsDisplayed>Y</IsDisplayed>
        <DisplayLogic/>
        <DisplayLength>0</DisplayLength>
        <SeqNo>80</SeqNo>
        <SortNo>0</SortNo>
        <IsSameLine>N</IsSameLine>
        <IsHeading>N</IsHeading>
        <IsFieldOnly>N</IsFieldOnly>
        <IsEncrypted>N</IsEncrypted>
        <IsActive>Y</IsActive>
        <IsReadOnly>N</IsReadOnly>
        <IsCentrallyMaintained>Y</IsCentrallyMaintained>
        <AD_FieldGroup_ID reference="id"/>
        <EntityType>U</EntityType>
        <ObscureType/>
        <AD_Reference_ID reference="id"/>
        <IsMandatory/>
        <DefaultValue/>
        <AD_Reference_Value_ID reference="id"/>
        <AD_Val_Rule_ID reference="id"/>
        <Included_Tab_ID reference="id"/>
        <AD_Field_UU>f5c0a644-efeb-48ea-80b3-d3adbec2d1d1</AD_Field_UU>
        <IsAllowCopy/>
        <IsDisplayedGrid>Y</IsDisplayedGrid>
        <SeqNoGrid>50</SeqNoGrid>
        <XPosition>4</XPosition>
        <ColumnSpan>2</ColumnSpan>
        <NumLines>1</NumLines>
        <IsQuickEntry>N</IsQuickEntry>
        <IsUpdateable/>
        <IsAlwaysUpdateable/>
        <MandatoryLogic/>
        <ReadOnlyLogic/>
        <IsToolbarButton/>
        <IsDefaultFocus>N</IsDefaultFocus>
        <IsAdvancedField>N</IsAdvancedField>
        <VFormat/>
        <AD_LabelStyle_ID reference="id"/>
        <AD_FieldStyle_ID reference="id"/>
        <IsQuickForm>N</IsQuickForm>
        <Placeholder/>
        <IsSelectionColumn/>
        <AD_Val_Rule_Lookup_ID reference="id"/>
        <ColumnSQL/>
        <AD_Chart_ID reference="id"/>
        <AlwaysUpdatableLogic/>
        <IsHtml>N</IsHtml>
        <AD_Field_Trl type="translation">
            <Description>Logic to determine if field is read only (applies only when field is read-write)</Description>
            <Help>format := {expression} [{logic} {expression}]&lt;br&gt; 
expression := @{context}@{operand}{value} or @{context}@{operand}{value}&lt;br&gt; 
logic := {|}|{&amp;}&lt;br&gt;
context := any global or window context &lt;br&gt;
value := strings or numbers&lt;br&gt;
logic operators	:= AND or OR with the previous result from left to right &lt;br&gt;
operand := eq{=}, gt{&amp;gt;}, le{&amp;lt;}, not{~^!} &lt;br&gt;
Examples: &lt;br&gt;
&lt;ul&gt;
&lt;li&gt; @AD_Table_ID@=14 | @Language@!GERGER&lt;/li&gt;
&lt;li&gt; @PriceLimit@&gt;10 | @PriceList@&gt;@PriceActual@&lt;/li&gt;
&lt;li&gt; @Name@&gt;J&lt;/li&gt;
&lt;/ul&gt;
Strings may be in single quotes (optional)</Help>
            <Name>Read Only Logic</Name>
            <Placeholder/>
            <AD_Language>es_CO</AD_Language>
            <IsActive>Y</IsActive>
            <IsTranslated>N</IsTranslated>
        </AD_Field_Trl>
    </AD_Field>
    <AD_Field type="table">
        <AD_Client_ID>0</AD_Client_ID>
        <AD_Org_ID>0</AD_Org_ID>
        <Name>Mandatory Logic</Name>
        <Description/>
        <Help/>
        <AD_Tab_ID reference="uuid" reference-key="AD_Tab">8d91e7f0-8611-4b31-85bd-6297c2692406</AD_Tab_ID>
        <AD_Column_ID reference="uuid" reference-key="AD_Column">ced9216b-db3b-485a-8125-ae387b7dd165</AD_Column_ID>
        <IsDisplayed>Y</IsDisplayed>
        <DisplayLogic/>
        <DisplayLength>0</DisplayLength>
        <SeqNo>90</SeqNo>
        <SortNo>0</SortNo>
        <IsSameLine>N</IsSameLine>
        <IsHeading>N</IsHeading>
        <IsFieldOnly>N</IsFieldOnly>
        <IsEncrypted>N</IsEncrypted>
        <IsActive>Y</IsActive>
        <IsReadOnly>N</IsReadOnly>
        <IsCentrallyMaintained>Y</IsCentrallyMaintained>
        <AD_FieldGroup_ID reference="id"/>
        <EntityType>U</EntityType>
        <ObscureType/>
        <AD_Reference_ID reference="id"/>
        <IsMandatory/>
        <DefaultValue/>
        <AD_Reference_Value_ID reference="id"/>
        <AD_Val_Rule_ID reference="id"/>
        <Included_Tab_ID reference="id"/>
        <AD_Field_UU>74d01958-b623-4e66-90c3-c69cbd24175f</AD_Field_UU>
        <IsAllowCopy/>
        <IsDisplayedGrid>Y</IsDisplayedGrid>
        <SeqNoGrid>60</SeqNoGrid>
        <XPosition>1</XPosition>
        <ColumnSpan>2</ColumnSpan>
        <NumLines>1</NumLines>
        <IsQuickEntry>N</IsQuickEntry>
        <IsUpdateable/>
        <IsAlwaysUpdateable/>
        <MandatoryLogic/>
        <ReadOnlyLogic/>
        <IsToolbarButton/>
        <IsDefaultFocus>N</IsDefaultFocus>
        <IsAdvancedField>N</IsAdvancedField>
        <VFormat/>
        <AD_LabelStyle_ID reference="id"/>
        <AD_FieldStyle_ID reference="id"/>
        <IsQuickForm>N</IsQuickForm>
        <Placeholder/>
        <IsSelectionColumn/>
        <AD_Val_Rule_Lookup_ID reference="id"/>
        <ColumnSQL/>
        <AD_Chart_ID reference="id"/>
        <AlwaysUpdatableLogic/>
        <IsHtml>N</IsHtml>
        <AD_Field_Trl type="translation">
            <Description/>
            <Help/>
            <Name>Mandatory Logic</Name>
            <Placeholder/>
            <AD_Language>es_CO</AD_Language>
            <IsActive>Y</IsActive>
            <IsTranslated>N</IsTranslated>
        </AD_Field_Trl>
    </AD_Field>
</idempiere>
