<?xml version="1.0" encoding="UTF-8"?><idempiere Name="2Pack_1.0.5" Version="1.0.5" idempiereVersion="" DataBaseVersion="" Description="" Author="" AuthorEmail="" CreatedDate="2023-12-04 18:53:37.593" UpdatedDate="2023-12-04 18:53:37.593" PackOutVersion="100" UpdateDictionary="false" Client="0-SYSTEM-System" AD_Client_UU="11237b53-9592-4af1-b3c5-afd216514b5d">
    <AD_Menu type="table">
        <SeqNo>16</SeqNo>
        <AD_Client_ID>0</AD_Client_ID>
        <AD_Org_ID>0</AD_Org_ID>
        <Name>REST API</Name>
        <Description/>
        <Action/>
        <AD_Window_ID reference="id"/>
        <AD_Workflow_ID reference="id"/>
        <AD_Task_ID reference="id"/>
        <IsActive>Y</IsActive>
        <IsSummary>Y</IsSummary>
        <AD_Process_ID reference="id"/>
        <IsSOTrx>Y</IsSOTrx>
        <AD_Form_ID reference="id"/>
        <IsReadOnly>N</IsReadOnly>
        <EntityType>IR</EntityType>
        <IsCentrallyMaintained>N</IsCentrallyMaintained>
        <AD_Menu_UU>9b51d8a4-3e73-4da5-a5fe-f1943c1de155</AD_Menu_UU>
        <AD_InfoWindow_ID reference="id"/>
        <PredefinedContextVariables/>
        <AD_Menu_Trl type="translation">
            <Description/>
            <Name>REST API</Name>
            <AD_Language>es_CO</AD_Language>
            <IsActive>Y</IsActive>
            <IsTranslated>N</IsTranslated>
        </AD_Menu_Trl>
        <AD_Menu type="table">
            <Parent_ID reference="uuid" reference-key="AD_Menu">9b51d8a4-3e73-4da5-a5fe-f1943c1de155</Parent_ID>
            <SeqNo>2</SeqNo>
            <AD_Client_ID>0</AD_Client_ID>
            <AD_Org_ID>0</AD_Org_ID>
            <Name>Expire Refresh Tokens</Name>
            <Description/>
            <Action>P</Action>
            <AD_Window_ID reference="id"/>
            <AD_Workflow_ID reference="id"/>
            <AD_Task_ID reference="id"/>
            <IsActive>Y</IsActive>
            <IsSummary>N</IsSummary>
            <AD_Process_ID reference="uuid" reference-key="AD_Process">0cb1d70e-20fc-4726-8e7d-f36c91f2c0b7</AD_Process_ID>
            <IsSOTrx>Y</IsSOTrx>
            <AD_Form_ID reference="id"/>
            <IsReadOnly>N</IsReadOnly>
            <EntityType>IR</EntityType>
            <IsCentrallyMaintained>Y</IsCentrallyMaintained>
            <AD_Menu_UU>fd62128c-142c-4e65-9de6-979bfb685e07</AD_Menu_UU>
            <AD_InfoWindow_ID reference="id"/>
            <PredefinedContextVariables/>
            <AD_Menu_Trl type="translation">
                <Description/>
                <Name>Expire Refresh Tokens</Name>
                <AD_Language>es_CO</AD_Language>
                <IsActive>Y</IsActive>
                <IsTranslated>N</IsTranslated>
            </AD_Menu_Trl>
            <AD_Process type="table">
                <AD_Client_ID>0</AD_Client_ID>
                <AD_Org_ID>0</AD_Org_ID>
                <IsActive>Y</IsActive>
                <Name>Expire Refresh Tokens</Name>
                <Description/>
                <Help/>
                <ProcedureName/>
                <IsReport>N</IsReport>
                <Value>ExpireRefreshTokens</Value>
                <IsDirectPrint>N</IsDirectPrint>
                <AD_ReportView_ID reference="id"/>
                <Classname>com.trekglobal.idempiere.rest.api.process.ExpireRefreshTokens</Classname>
                <AccessLevel>6</AccessLevel>
                <EntityType>IR</EntityType>
                <Statistic_Count>0</Statistic_Count>
                <Statistic_Seconds>0</Statistic_Seconds>
                <AD_PrintFormat_ID reference="id"/>
                <WorkflowValue/>
                <AD_Workflow_ID reference="id"/>
                <IsBetaFunctionality>N</IsBetaFunctionality>
                <ShowHelp>Y</ShowHelp>
                <JasperReport/>
                <AD_Form_ID reference="id"/>
                <CopyFromProcess>N</CopyFromProcess>
                <AD_Process_UU>0cb1d70e-20fc-4726-8e7d-f36c91f2c0b7</AD_Process_UU>
                <AD_CtxHelp_ID reference="id"/>
                <ExecutionType/>
                <AllowMultipleExecution>P</AllowMultipleExecution>
                <FileNamePattern/>
                <AD_Process_Trl type="translation">
                    <Description/>
                    <Help/>
                    <Name>Expire Refresh Tokens</Name>
                    <AD_Language>es_CO</AD_Language>
                    <IsActive>Y</IsActive>
                    <IsTranslated>N</IsTranslated>
                </AD_Process_Trl>
                <AD_Element type="table">
                    <AD_Client_ID>0</AD_Client_ID>
                    <AD_Org_ID>0</AD_Org_ID>
                    <IsActive>Y</IsActive>
                    <ColumnName>REST_AllTokens</ColumnName>
                    <Name>All Tokens</Name>
                    <Description/>
                    <Help/>
                    <PrintName>All Tokens</PrintName>
                    <PO_Description/>
                    <PO_Help/>
                    <PO_Name/>
                    <PO_PrintName/>
                    <EntityType>IR</EntityType>
                    <AD_Element_UU>2f7d9978-de8d-44ee-8c3c-0e9de7104459</AD_Element_UU>
                    <Placeholder/>
                    <AD_Element_Trl type="translation">
                        <Description/>
                        <Help/>
                        <Name>All Tokens</Name>
                        <Placeholder/>
                        <PO_Description/>
                        <PO_Help/>
                        <PO_Name/>
                        <PO_PrintName/>
                        <PrintName>All Tokens</PrintName>
                        <AD_Language>es_CO</AD_Language>
                        <IsActive>Y</IsActive>
                        <IsTranslated>N</IsTranslated>
                    </AD_Element_Trl>
                </AD_Element>
                <AD_Process_Para type="table">
                    <AD_Client_ID>0</AD_Client_ID>
                    <AD_Org_ID>0</AD_Org_ID>
                    <IsActive>Y</IsActive>
                    <Name>All Tokens</Name>
                    <Description/>
                    <Help/>
                    <AD_Process_ID reference="uuid" reference-key="AD_Process">0cb1d70e-20fc-4726-8e7d-f36c91f2c0b7</AD_Process_ID>
                    <SeqNo>10</SeqNo>
                    <AD_Reference_ID reference="id">20</AD_Reference_ID>
                    <AD_Reference_Value_ID reference="id"/>
                    <IsRange>N</IsRange>
                    <AD_Val_Rule_ID reference="id"/>
                    <FieldLength>0</FieldLength>
                    <IsMandatory>Y</IsMandatory>
                    <DefaultValue>N</DefaultValue>
                    <VFormat/>
                    <ValueMin/>
                    <ValueMax/>
                    <ColumnName>REST_AllTokens</ColumnName>
                    <DefaultValue2/>
                    <IsCentrallyMaintained>Y</IsCentrallyMaintained>
                    <EntityType>IR</EntityType>
                    <AD_Element_ID reference="uuid" reference-key="AD_Element">2f7d9978-de8d-44ee-8c3c-0e9de7104459</AD_Element_ID>
                    <ReadOnlyLogic/>
                    <DisplayLogic>@#AD_Client_ID@=0</DisplayLogic>
                    <AD_Process_Para_UU>4ce42055-064c-4eb1-9d00-6a9d67dfe597</AD_Process_Para_UU>
                    <IsEncrypted>N</IsEncrypted>
                    <MandatoryLogic/>
                    <Query/>
                    <AD_FieldGroup_ID reference="id"/>
                    <Placeholder/>
                    <Placeholder2/>
                    <IsAutocomplete>N</IsAutocomplete>
                    <DateRangeOption>D</DateRangeOption>
                    <IsShowNegateButton>N</IsShowNegateButton>
                    <AD_Process_Para_Trl type="translation">
                        <Description/>
                        <Help/>
                        <Name>All Tokens</Name>
                        <Placeholder/>
                        <Placeholder2/>
                        <AD_Language>es_CO</AD_Language>
                        <IsActive>Y</IsActive>
                        <IsTranslated>N</IsTranslated>
                    </AD_Process_Para_Trl>
                </AD_Process_Para>
                <AD_Process_Para type="table">
                    <AD_Client_ID>0</AD_Client_ID>
                    <AD_Org_ID>0</AD_Org_ID>
                    <IsActive>Y</IsActive>
                    <Name>User/Contact</Name>
                    <Description>User within the system - Internal or Business Partner Contact</Description>
                    <Help>The User identifies a unique user in the system. This could be an internal user or a business partner contact</Help>
                    <AD_Process_ID reference="uuid" reference-key="AD_Process">0cb1d70e-20fc-4726-8e7d-f36c91f2c0b7</AD_Process_ID>
                    <SeqNo>20</SeqNo>
                    <AD_Reference_ID reference="id">30</AD_Reference_ID>
                    <AD_Reference_Value_ID reference="id"/>
                    <IsRange>N</IsRange>
                    <AD_Val_Rule_ID reference="id"/>
                    <FieldLength>0</FieldLength>
                    <IsMandatory>N</IsMandatory>
                    <DefaultValue>-1</DefaultValue>
                    <VFormat/>
                    <ValueMin/>
                    <ValueMax/>
                    <ColumnName>AD_User_ID</ColumnName>
                    <DefaultValue2/>
                    <IsCentrallyMaintained>Y</IsCentrallyMaintained>
                    <EntityType>IR</EntityType>
                    <AD_Element_ID reference="id">138</AD_Element_ID>
                    <ReadOnlyLogic/>
                    <DisplayLogic>@REST_AllTokens@=N</DisplayLogic>
                    <AD_Process_Para_UU>d16d7f9a-8034-4345-83fd-926a21607b12</AD_Process_Para_UU>
                    <IsEncrypted>N</IsEncrypted>
                    <MandatoryLogic/>
                    <Query/>
                    <AD_FieldGroup_ID reference="id"/>
                    <Placeholder/>
                    <Placeholder2/>
                    <IsAutocomplete>N</IsAutocomplete>
                    <DateRangeOption>D</DateRangeOption>
                    <IsShowNegateButton>N</IsShowNegateButton>
                    <AD_Process_Para_Trl type="translation">
                        <Description>User within the system - Internal or Business Partner Contact</Description>
                        <Help>The User identifies a unique user in the system. This could be an internal user or a business partner contact</Help>
                        <Name>User/Contact</Name>
                        <Placeholder/>
                        <Placeholder2/>
                        <AD_Language>es_CO</AD_Language>
                        <IsActive>Y</IsActive>
                        <IsTranslated>N</IsTranslated>
                    </AD_Process_Para_Trl>
                </AD_Process_Para>
            </AD_Process>
        </AD_Menu>
    </AD_Menu>
    <AD_Menu type="table">
        <Parent_ID reference="uuid" reference-key="AD_Menu">9b51d8a4-3e73-4da5-a5fe-f1943c1de155</Parent_ID>
        <SeqNo>0</SeqNo>
        <AD_Client_ID>0</AD_Client_ID>
        <AD_Org_ID>0</AD_Org_ID>
        <Name>Rest Auth Token</Name>
        <Description> </Description> <!-- Force change for 2Pack to update the SeqNo, it will be reverted with next SyncTrl -->
        <Action>W</Action>
        <AD_Window_ID reference="uuid" reference-key="AD_Window">d2a2c394-37e2-46c2-975f-ad87c7bbaab9</AD_Window_ID>
        <AD_Workflow_ID reference="id"/>
        <AD_Task_ID reference="id"/>
        <IsActive>Y</IsActive>
        <IsSummary>N</IsSummary>
        <AD_Process_ID reference="id"/>
        <IsSOTrx>N</IsSOTrx>
        <AD_Form_ID reference="id"/>
        <IsReadOnly>N</IsReadOnly>
        <EntityType>IR</EntityType>
        <IsCentrallyMaintained>Y</IsCentrallyMaintained>
        <AD_Menu_UU>9a5d982f-cd0a-4125-9df9-84fbbaaecea4</AD_Menu_UU>
        <AD_InfoWindow_ID reference="id"/>
        <PredefinedContextVariables/>
        <AD_Menu_Trl type="translation">
            <Description/>
            <Name>Rest Auth Token</Name>
            <AD_Language>es_CO</AD_Language>
            <IsActive>Y</IsActive>
            <IsTranslated>N</IsTranslated>
        </AD_Menu_Trl>
    </AD_Menu>
    <AD_Menu type="table">
        <Parent_ID reference="uuid" reference-key="AD_Menu">9b51d8a4-3e73-4da5-a5fe-f1943c1de155</Parent_ID>
        <SeqNo>1</SeqNo>
        <AD_Client_ID>0</AD_Client_ID>
        <AD_Org_ID>0</AD_Org_ID>
        <Name>Expire Server Secret</Name>
        <Description> </Description>
        <Action>P</Action>
        <AD_Window_ID reference="id"/>
        <AD_Workflow_ID reference="id"/>
        <AD_Task_ID reference="id"/>
        <IsActive>Y</IsActive>
        <IsSummary>N</IsSummary>
        <AD_Process_ID reference="uuid" reference-key="AD_Process">f9b6c0b4-503b-42af-be32-849ff6e423f7</AD_Process_ID>
        <IsSOTrx>Y</IsSOTrx>
        <AD_Form_ID reference="id"/>
        <IsReadOnly>N</IsReadOnly>
        <EntityType>IR</EntityType>
        <IsCentrallyMaintained>Y</IsCentrallyMaintained>
        <AD_Menu_UU>7b87c772-94bd-458c-a66f-5ec5df9abaed</AD_Menu_UU>
        <AD_InfoWindow_ID reference="id"/>
        <PredefinedContextVariables/>
        <AD_Menu_Trl type="translation">
            <Description/>
            <Name>Expire Server Secret</Name>
            <AD_Language>es_CO</AD_Language>
            <IsActive>Y</IsActive>
            <IsTranslated>N</IsTranslated>
        </AD_Menu_Trl>
    </AD_Menu>
    <AD_Menu type="table">
        <Parent_ID reference="uuid" reference-key="AD_Menu">9b51d8a4-3e73-4da5-a5fe-f1943c1de155</Parent_ID>
        <SeqNo>3</SeqNo>
        <AD_Client_ID>0</AD_Client_ID>
        <AD_Org_ID>0</AD_Org_ID>
        <Name>Rest OpenID Connect Provider</Name>
        <Description> </Description>
        <Action>W</Action>
        <AD_Window_ID reference="uuid" reference-key="AD_Window">aaffe318-37c1-4736-9d48-92b31a1ed41c</AD_Window_ID>
        <AD_Workflow_ID reference="id"/>
        <AD_Task_ID reference="id"/>
        <IsActive>Y</IsActive>
        <IsSummary>N</IsSummary>
        <AD_Process_ID reference="id"/>
        <IsSOTrx>N</IsSOTrx>
        <AD_Form_ID reference="id"/>
        <IsReadOnly>N</IsReadOnly>
        <EntityType>IR</EntityType>
        <IsCentrallyMaintained>Y</IsCentrallyMaintained>
        <AD_Menu_UU>9271e1c3-766d-4759-9737-25ba80cb4b7c</AD_Menu_UU>
        <AD_InfoWindow_ID reference="id"/>
        <PredefinedContextVariables/>
        <AD_Menu_Trl type="translation">
            <Description/>
            <Name>Rest OpenID Connect Provider</Name>
            <AD_Language>es_CO</AD_Language>
            <IsActive>Y</IsActive>
            <IsTranslated>N</IsTranslated>
        </AD_Menu_Trl>
    </AD_Menu>
    <AD_Menu type="table">
        <Parent_ID reference="uuid" reference-key="AD_Menu">9b51d8a4-3e73-4da5-a5fe-f1943c1de155</Parent_ID>
        <SeqNo>4</SeqNo>
        <AD_Client_ID>0</AD_Client_ID>
        <AD_Org_ID>0</AD_Org_ID>
        <Name>Rest OpenID Connect Service</Name>
        <Description> </Description>
        <Action>W</Action>
        <AD_Window_ID reference="uuid" reference-key="AD_Window">9bcf41f6-a62d-4a7a-b185-7df569a9d775</AD_Window_ID>
        <AD_Workflow_ID reference="id"/>
        <AD_Task_ID reference="id"/>
        <IsActive>Y</IsActive>
        <IsSummary>N</IsSummary>
        <AD_Process_ID reference="id"/>
        <IsSOTrx>N</IsSOTrx>
        <AD_Form_ID reference="id"/>
        <IsReadOnly>N</IsReadOnly>
        <EntityType>IR</EntityType>
        <IsCentrallyMaintained>Y</IsCentrallyMaintained>
        <AD_Menu_UU>40bf9e5e-f4be-4b2e-b5bf-88b72c682634</AD_Menu_UU>
        <AD_InfoWindow_ID reference="id"/>
        <PredefinedContextVariables/>
        <AD_Menu_Trl type="translation">
            <Description/>
            <Name>Rest OpenID Connect Service</Name>
            <AD_Language>es_CO</AD_Language>
            <IsActive>Y</IsActive>
            <IsTranslated>N</IsTranslated>
        </AD_Menu_Trl>
    </AD_Menu>
</idempiere>
