﻿<?xml version="1.0" encoding="UTF-8"?><idempiere Name="2Pack_1.0.10" Version="2Pack_1.0.10" idempiereVersion="" DataBaseVersion="" Description="" Author="" AuthorEmail="" CreatedDate="2025-02-03 13:41:47.237" UpdatedDate="2025-02-03 13:41:50.562" PackOutVersion="100" UpdateDictionary="false" Client="0-SYSTEM-System" AD_Client_UU="11237b53-9592-4af1-b3c5-afd216514b5d">
    <AD_Table type="table">
        <AD_Client_ID>0</AD_Client_ID>
        <AD_Org_ID>0</AD_Org_ID>
        <Name>Rest View Column ID</Name>
        <Description> </Description>
        <Help/>
        <AD_Window_ID reference="id"/>
        <AD_Val_Rule_ID reference="id"/>
        <TableName>REST_ViewColumn</TableName>
        <LoadSeq>0</LoadSeq>
        <AccessLevel>4</AccessLevel>
        <IsActive>Y</IsActive>
        <IsSecurityEnabled>N</IsSecurityEnabled>
        <IsDeleteable>Y</IsDeleteable>
        <IsHighVolume>N</IsHighVolume>
        <IsView>N</IsView>
        <EntityType>IR</EntityType>
        <ImportTable>N</ImportTable>
        <IsChangeLog>Y</IsChangeLog>
        <ReplicationType>L</ReplicationType>
        <PO_Window_ID reference="id"/>
        <CopyColumnsFromTable>N</CopyColumnsFromTable>
        <IsCentrallyMaintained>Y</IsCentrallyMaintained>
        <AD_Table_UU>efac9899-07cf-4e29-aa34-2b0389258243</AD_Table_UU>
        <Processing>N</Processing>
        <DatabaseViewDrop>N</DatabaseViewDrop>
        <CopyComponentsFromView>N</CopyComponentsFromView>
        <CreateWindowFromTable>N</CreateWindowFromTable>
        <IsShowInDrillOptions>N</IsShowInDrillOptions>
        <IsPartition>N</IsPartition>
        <CreatePartition>N</CreatePartition>
        <IsUseLuceneIndex>N</IsUseLuceneIndex>
        <AD_TableIndex type="table">
            <AD_Client_ID>0</AD_Client_ID>
            <AD_Org_ID>0</AD_Org_ID>
            <AD_TableIndex_UU>6997a932-059c-473f-a6c7-e03fc2f93b6f</AD_TableIndex_UU>
            <Description/>
            <EntityType>IR</EntityType>
            <IsActive>Y</IsActive>
            <Name>REST_ViewColumn_Name_Index</Name>
            <AD_Table_ID reference="uuid" reference-key="AD_Table">efac9899-07cf-4e29-aa34-2b0389258243</AD_Table_ID>
            <Help/>
            <IsCreateConstraint>N</IsCreateConstraint>
            <IsUnique>Y</IsUnique>
            <Processing>N</Processing>
            <AD_Message_ID reference="id"/>
            <TableIndexDrop>N</TableIndexDrop>
            <IsKey>N</IsKey>
            <AD_IndexColumn type="table">
                <AD_Client_ID>0</AD_Client_ID>
                <AD_Org_ID>0</AD_Org_ID>
                <AD_IndexColumn_UU>38c0e90e-bfe1-4858-9f5b-0a28cc8cb7fe</AD_IndexColumn_UU>
                <EntityType>IR</EntityType>
                <IsActive>Y</IsActive>
                <AD_Column_ID reference="uuid" reference-key="AD_Column">90182cc8-48e3-4f11-8225-4ed6260f83bc</AD_Column_ID>
                <AD_TableIndex_ID reference="uuid" reference-key="AD_TableIndex">6997a932-059c-473f-a6c7-e03fc2f93b6f</AD_TableIndex_ID>
                <ColumnSQL/>
                <SeqNo>10</SeqNo>
            </AD_IndexColumn>
            <AD_IndexColumn type="table">
                <AD_Client_ID>0</AD_Client_ID>
                <AD_Org_ID>0</AD_Org_ID>
                <AD_IndexColumn_UU>616430f1-139a-411d-a1c2-1504b5ec0c75</AD_IndexColumn_UU>
                <EntityType>IR</EntityType>
                <IsActive>Y</IsActive>
                <AD_Column_ID reference="uuid" reference-key="AD_Column">697f8f84-c540-4a0d-bcdc-5855e8e2c2cd</AD_Column_ID>
                <AD_TableIndex_ID reference="uuid" reference-key="AD_TableIndex">6997a932-059c-473f-a6c7-e03fc2f93b6f</AD_TableIndex_ID>
                <ColumnSQL/>
                <SeqNo>20</SeqNo>
            </AD_IndexColumn>
        </AD_TableIndex>
    </AD_Table>
</idempiere>
